INSERT INTO public.customers VALUES ('12123af4-c1af-4901-9630-3ece7ad21075', 'Кулакова Марина Ильинична', 'fedoseevalukija@mail.ru', '+7 878 108 7308', '2025-06-14 15:30:19.007');
INSERT INTO public.customers VALUES ('6f4a9531-11dd-448c-beac-97c00c30b5f6', 'Яковлева Светлана Тарасовна', 'kondrat2004@mail.ru', '8 (837) 752-7642', '2025-06-05 15:30:19.007');
INSERT INTO public.customers VALUES ('101d7aa4-d7ba-4c8a-9743-94acd63fdca3', 'Мариан Ярославович Сафонов', 'radislavtarasov@yahoo.com', '8 944 994 03 38', '2025-05-21 15:30:19.007');
INSERT INTO public.customers VALUES ('36b3c277-8be1-4e27-a8b3-0e8e6229b486', 'Мамонтова Евпраксия Ивановна', 'eduard1981@mail.ru', '+71030897016', '2025-06-01 15:30:19.007');
INSERT INTO public.customers VALUES ('63d6266f-35ce-4be6-9738-85ddd98fc13b', 'Миронов Осип Игоревич', 'sharovatatjana@yahoo.com', '+72020474480', '2025-05-24 15:30:19.008');
INSERT INTO public.customers VALUES ('c208a3db-31f9-4b17-a278-965c6deab07b', 'Ермолай Викентьевич Федосеев', 'natankondratev@yandex.ru', '+7 923 999 74 73', '2025-06-05 15:30:19.008');
INSERT INTO public.customers VALUES ('b4b230fa-9f20-499f-b575-2d6407dc9cff', 'Наина Тарасовна Якушева', 'julija_2003@mail.ru', '+71044792049', '2025-05-31 15:30:19.008');
INSERT INTO public.customers VALUES ('59ccff22-c74a-49f5-a486-95915d473962', 'Велимир Иосифович Ефимов', 'qzhuravleva@gmail.com', '8 485 994 6063', '2025-06-06 15:30:19.008');
INSERT INTO public.customers VALUES ('3875f5ac-5a68-4063-b697-cb03c58934ff', 'Борисова Прасковья Альбертовна', 'markovtit@rambler.ru', '87551886210', '2025-06-05 15:30:19.008');
INSERT INTO public.customers VALUES ('5f75a982-f556-490f-87fa-f6590c7d20cb', 'Овчинников Платон Глебович', 'safonovaanastasija@yandex.ru', '8 (057) 298-0228', '2025-06-01 15:30:19.009');
INSERT INTO public.customers VALUES ('1a0130b6-9482-4888-8765-7f6dd79bf721', 'Зыкова Олимпиада Макаровна', 'vseslav1978@rambler.ru', '+7 124 423 09 51', '2025-06-03 15:30:19.009');
INSERT INTO public.customers VALUES ('68e40589-18eb-447f-82b6-1561d81c56f8', 'Волкова Ангелина Тарасовна', 'modest_1989@mail.ru', '+7 (696) 644-50-24', '2025-06-14 15:30:19.009');
INSERT INTO public.customers VALUES ('621b5769-affe-4101-8473-db290c830207', 'Анжелика Вячеславовна Гуляева', 'ruslansimonov@yandex.ru', '+7 (392) 609-8047', '2025-06-17 15:30:19.009');
INSERT INTO public.customers VALUES ('05f08b43-da7e-4533-bce2-fed50591f719', 'Ковалева Тамара Юрьевна', 'qlazareva@rambler.ru', '88729918358', '2025-06-16 15:30:19.009');
INSERT INTO public.customers VALUES ('0aed6ca9-baf8-4cc0-a7d4-5dbeb2e8f662', 'Селезнев Порфирий Феликсович', 'demid_1989@yandex.ru', '86418830574', '2025-06-03 15:30:19.01');
INSERT INTO public.customers VALUES ('ec1800a3-fc2e-46b9-87b2-3ec9da55c79a', 'Анисим Ефремович Кулагин', 'ostromir27@mail.ru', '8 (298) 447-93-29', '2025-06-09 15:30:19.01');
INSERT INTO public.customers VALUES ('a1e3ba0c-cfe1-46b1-98e0-9ccf285fa6da', 'Ипполит Венедиктович Шашков', 'silvestrkalashnikov@hotmail.com', '+7 (188) 905-50-06', '2025-06-06 15:30:19.01');
INSERT INTO public.customers VALUES ('5818432c-8887-42e1-98d0-75da653a1e81', 'Спартак Ааронович Пестов', 'potap_1997@hotmail.com', '+7 905 699 42 60', '2025-06-01 15:30:19.011');
INSERT INTO public.customers VALUES ('9f57e70f-a953-4ce5-bb38-31997e07e55f', 'Куликов Валерьян Георгиевич', 'praskovja48@yandex.ru', '+79756982437', '2025-05-23 15:30:19.011');
INSERT INTO public.customers VALUES ('002805e2-7ab7-4a0d-9e21-34609b62609e', 'Фёкла Архиповна Князева', 'zosima82@mail.ru', '+7 (357) 451-62-51', '2025-06-09 15:30:19.011');
INSERT INTO public.customers VALUES ('6204829b-a074-444d-ab6b-a6dc34471826', 'Большаков Андрей Захарьевич', 'gremislav_71@mail.ru', '+7 586 028 1288', '2025-05-19 15:30:19.011');
INSERT INTO public.customers VALUES ('0a383ff4-b2a8-4636-9d83-3b68d3016ad7', 'Федоров Аркадий Елисеевич', 'pavlovsilvestr@gmail.com', '+7 (351) 899-4830', '2025-06-12 15:30:19.012');
INSERT INTO public.customers VALUES ('f8321107-171b-4bc7-9981-29c2f06bf9f1', 'Громов Никодим Эдгардович', 'trofimzimin@hotmail.com', '8 928 761 1879', '2025-06-10 15:30:19.012');
INSERT INTO public.customers VALUES ('d4880903-15a6-4360-b54e-d8df67a6da2e', 'Исай Харитонович Мартынов', 'novikovsvetozar@hotmail.com', '8 (788) 333-16-86', '2025-05-25 15:30:19.012');
INSERT INTO public.customers VALUES ('ed313193-5fc3-44ad-85e4-36d4eae3350e', 'Александр Владиславович Петухов', 'egorovmefodi@mail.ru', '+7 (666) 675-6900', '2025-06-07 15:30:19.013');
INSERT INTO public.customers VALUES ('df86ccbb-a2b9-4110-b730-b168cf17010e', 'тов. Дьячков Всемил Власович', 'sobolevaelena@hotmail.com', '+7 (257) 963-9120', '2025-06-04 15:30:19.013');
INSERT INTO public.customers VALUES ('0d7e2c42-7eb7-4fac-a9fd-fd986c3b19f4', 'Титова Варвара Юрьевна', 'vorontsovljubim@hotmail.com', '8 976 507 3362', '2025-05-26 15:30:19.013');
INSERT INTO public.customers VALUES ('46b7d425-6b8e-4be1-8a05-195eaeab35e8', 'Панфил Алексеевич Сидоров', 'zahar_85@yahoo.com', '8 (309) 480-5884', '2025-05-31 15:30:19.013');
INSERT INTO public.customers VALUES ('6f956c8d-cd52-438f-87e8-d23eb84cf38e', 'Дроздов Самсон Эдгарович', 'taisija_1988@hotmail.com', '+7 (359) 401-82-60', '2025-06-02 15:30:19.014');
INSERT INTO public.customers VALUES ('a866b654-9fd2-4783-935d-e7e0fc817668', 'Шестакова Василиса Ивановна', 'potapovcheslav@gmail.com', '+7 097 357 3660', '2025-05-22 15:30:19.014');
INSERT INTO public.customers VALUES ('88e7e545-67b0-4e59-85e0-1ff19e36bb97', 'Зыкова Нонна Эльдаровна', 'sgorbachev@hotmail.com', '81687953412', '2025-06-09 15:30:19.014');
INSERT INTO public.customers VALUES ('49d2025c-7bbd-44d1-be5a-b44f1bc64c7a', 'Некрасов Святополк Герасимович', 'jakushevtaras@mail.ru', '8 (920) 099-4742', '2025-06-08 15:30:19.015');
INSERT INTO public.customers VALUES ('019e74c3-f48d-497a-bd9a-0f1806c4db72', 'Наумова Элеонора Оскаровна', 'erast_2004@yandex.ru', '8 (356) 737-89-98', '2025-05-22 15:30:19.015');
INSERT INTO public.customers VALUES ('bb602b18-c380-4f9b-a8a1-a2b948a3fab4', 'Галактион Филимонович Мишин', 'nikitincheslav@rambler.ru', '+78232880286', '2025-06-10 15:30:19.015');
INSERT INTO public.customers VALUES ('d6fc0a4b-60a2-4d80-bd0b-32a4e5a4beac', 'Абрамова Вера Александровна', 'evse_16@yahoo.com', '+7 (887) 718-4900', '2025-06-07 15:30:19.016');
INSERT INTO public.customers VALUES ('234da323-8c8b-46e0-b137-d0058664e97a', 'Савва Филимонович Шарапов', 'vasilibikov@rambler.ru', '+7 861 543 0652', '2025-06-01 15:30:19.016');
INSERT INTO public.customers VALUES ('d24ee3ee-9346-4ed8-baaa-06c5daff219d', 'Конон Денисович Овчинников', 'shashkovfirs@yahoo.com', '8 042 864 1696', '2025-06-12 15:30:19.016');
INSERT INTO public.customers VALUES ('bd791be7-adcb-486b-bfa2-159cdbc649e8', 'Матвеев Исай Вячеславович', 'gerasim1983@rambler.ru', '+70320704482', '2025-06-03 15:30:19.017');
INSERT INTO public.customers VALUES ('36cb321b-ef13-4008-8f91-4faaea1f6fa7', 'Лидия Кирилловна Комарова', 'okulagina@hotmail.com', '+7 (394) 374-8065', '2025-06-08 15:30:19.017');
INSERT INTO public.customers VALUES ('eb41dd93-9134-4623-a803-21b821f23a32', 'Елена Максимовна Тихонова', 'gavrilovzahar@yahoo.com', '+7 (956) 699-9467', '2025-06-11 15:30:19.017');
INSERT INTO public.customers VALUES ('ea2db436-68e5-4e63-9bd1-35d35c5a652f', 'Натан Ерофеевич Бирюков', 'maksimiljan_1990@gmail.com', '+7 (434) 895-91-16', '2025-05-26 15:30:19.017');
INSERT INTO public.customers VALUES ('dc99d223-dacf-4879-8de6-31351aadfe40', 'Мир Александрович Новиков', 'tamara_68@hotmail.com', '8 (409) 857-78-11', '2025-05-28 15:30:19.018');
INSERT INTO public.customers VALUES ('a23cf342-083c-4a4d-b23e-85918f28a043', 'Соболева Пелагея Максимовна', 'ferapont_2011@hotmail.com', '+7 (735) 900-77-07', '2025-05-24 15:30:19.018');
INSERT INTO public.customers VALUES ('0ddcf1a4-676c-4276-80f4-b12068746580', 'Милен Марсович Карпов', 'tit_1971@mail.ru', '+7 (412) 712-73-20', '2025-05-24 15:30:19.018');
INSERT INTO public.customers VALUES ('d170ede9-017b-4a7f-9b6a-04b478dda765', 'Быков Артем Филимонович', 'rostislav_96@yahoo.com', '+7 (824) 590-1737', '2025-05-20 15:30:19.019');
INSERT INTO public.customers VALUES ('30db0e8b-8f17-4bfd-be29-96dc8146e30a', 'Кузьма Фомич Колобов', 'shilovsokrat@mail.ru', '+7 874 534 53 02', '2025-06-03 15:30:19.019');
INSERT INTO public.customers VALUES ('305aac2f-db9c-4a7f-a648-e9f1a0c77207', 'Кира Робертовна Лаврентьева', 'zinaida_2018@yahoo.com', '+7 781 365 4233', '2025-06-10 15:30:19.019');
INSERT INTO public.customers VALUES ('8dda448f-40c5-414e-9c8e-5c60ec565c68', 'Нина Тимуровна Сергеева', 'nikifor_88@gmail.com', '+7 (521) 494-85-19', '2025-06-12 15:30:19.02');
INSERT INTO public.customers VALUES ('6ee2b171-3b0c-4093-a4a4-505ea2903666', 'Тимофеев Мирослав Фомич', 'agge1982@yahoo.com', '+7 553 050 02 84', '2025-05-29 15:30:19.02');
INSERT INTO public.customers VALUES ('d6caaf69-2dda-4643-8fdb-c1dd82d5da2e', 'Октябрина Сергеевна Панфилова', 'german00@gmail.com', '+7 (194) 999-8029', '2025-06-06 15:30:19.02');
INSERT INTO public.customers VALUES ('5ff01c2d-ff96-4cc8-aa5e-39b1368b5fc4', 'Воронов Лонгин Артёмович', 'dfadeeva@gmail.com', '8 (817) 173-83-55', '2025-06-01 15:30:19.02');
INSERT INTO public.customers VALUES ('1873f668-6eaa-4c62-9d3b-51496cfafc74', 'Кира Мироновна Орехова', 'marfa_1971@gmail.com', '8 (171) 069-77-47', '2025-05-24 15:30:19.021');
INSERT INTO public.customers VALUES ('430b2736-bdae-404e-891e-da3ec20c6186', 'Степанов Трофим Абрамович', 'eleonora71@rambler.ru', '8 (382) 822-7880', '2025-05-19 15:30:19.021');
INSERT INTO public.customers VALUES ('400e8083-072d-472b-b97c-e77020096078', 'Герасимов Тарас Якубович', 'martinsimonov@rambler.ru', '8 789 123 06 74', '2025-05-24 15:30:19.021');
INSERT INTO public.customers VALUES ('6caa26a5-a07e-43a5-80fd-6c63c5a58878', 'Валерий Исидорович Рожков', 'moiseevaija@mail.ru', '8 542 861 25 83', '2025-06-10 15:30:19.022');
INSERT INTO public.customers VALUES ('bb4797ef-797e-43a3-9db6-b0e6a656a723', 'Валентина Леоновна Русакова', 'cheslavkoshelev@mail.ru', '+7 (263) 791-5454', '2025-05-29 15:30:19.022');
INSERT INTO public.customers VALUES ('6a346cf9-bd5b-42f8-b96d-e8fb3c45abc7', 'Михайлова Антонина Семеновна', 'kornilovmili@hotmail.com', '+7 (295) 075-9219', '2025-06-06 15:30:19.022');
INSERT INTO public.customers VALUES ('eefe7ad1-e475-48fd-9d97-69ae962ebde2', 'Пестова Зоя Федоровна', 'fevronija_2022@rambler.ru', '8 812 706 1205', '2025-05-19 15:30:19.023');
INSERT INTO public.customers VALUES ('ec1d4447-1fdd-4753-90e0-40ffd668d147', 'Виктория Эльдаровна Лобанова', 'ipat_46@yahoo.com', '+7 (349) 092-2687', '2025-06-13 15:30:19.023');
INSERT INTO public.customers VALUES ('d1555820-9c6d-4fb2-ba35-188ab0de81c9', 'Лебедев Гаврила Григорьевич', 'irina_66@gmail.com', '87391163946', '2025-06-08 15:30:19.023');
INSERT INTO public.customers VALUES ('eb8cf73e-037c-4822-bbdb-18559165c629', 'Виктор Васильевич Кононов', 'sokrat2003@yahoo.com', '+7 (273) 884-9571', '2025-06-04 15:30:19.023');
INSERT INTO public.customers VALUES ('cd671c68-cb0c-4acf-95df-653d37c3c97c', 'Екатерина Кузьминична Зимина', 'mihalovaalevtina@rambler.ru', '87670550759', '2025-06-01 15:30:19.024');
INSERT INTO public.customers VALUES ('be14968c-9724-4510-a868-e120137fe62c', 'Силина Ираида Ефимовна', 'zhuravlevfoti@yahoo.com', '8 (091) 892-3227', '2025-05-30 15:30:19.024');
INSERT INTO public.customers VALUES ('a4e46745-608d-475b-aeff-2895311f7149', 'Кузнецова Наина Федоровна', 'makarovaksenija@rambler.ru', '83598075517', '2025-06-11 15:30:19.024');
INSERT INTO public.customers VALUES ('31f0ae64-54ea-4aab-b819-a5fa4cd339f8', 'Екатерина Семеновна Третьякова', 'naumovvladlen@rambler.ru', '8 030 551 7488', '2025-06-12 15:30:19.024');
INSERT INTO public.customers VALUES ('d001f640-022e-4204-82e8-ba69cd482b95', 'Ипполит Юльевич Горшков', 'filaret2005@yandex.ru', '+7 362 200 7451', '2025-06-11 15:30:19.024');
INSERT INTO public.customers VALUES ('018fdec9-c94e-40b9-b5f4-55064db320ba', 'Амвросий Феодосьевич Петухов', 'fokinaveronika@yahoo.com', '8 (281) 452-4443', '2025-06-07 15:30:19.025');
INSERT INTO public.customers VALUES ('ad3eff29-4889-4bd6-aa7b-240044b4ff39', 'Быкова Пелагея Ефимовна', 'ziminluchezar@hotmail.com', '8 (605) 844-9447', '2025-05-27 15:30:19.025');
INSERT INTO public.customers VALUES ('0805d6dd-69ce-4d7c-9512-abe31f669e73', 'Крюкова Агафья Валентиновна', 'luchezar_1987@yahoo.com', '8 (258) 696-2741', '2025-06-13 15:30:19.025');
INSERT INTO public.customers VALUES ('ae0e3aec-1498-4503-be65-6821a7d2ecd1', 'Агафон Фомич Владимиров', 'selivanbragin@gmail.com', '+7 (910) 889-41-86', '2025-05-21 15:30:19.025');
INSERT INTO public.customers VALUES ('43887232-266a-407b-87ad-01b9487d1a27', 'Власов Харитон Трофимович', 'vseslav2005@mail.ru', '8 573 698 61 73', '2025-05-24 15:30:19.025');
INSERT INTO public.customers VALUES ('59543bfc-6270-48ca-8c62-888b828e5623', 'Спартак Александрович Кондратьев', 'longin34@rambler.ru', '8 (590) 771-59-59', '2025-06-10 15:30:19.026');
INSERT INTO public.customers VALUES ('e9c2d39f-f1a8-42ce-b316-af801ecd9e52', 'Князева Глафира Мироновна', 'ratmir74@mail.ru', '+7 (347) 587-68-96', '2025-05-31 15:30:19.026');
INSERT INTO public.customers VALUES ('d2c3c3e4-5b49-43bd-9cec-8cd4691eebe2', 'Мамонтова Фёкла Тимофеевна', 'bogdanovaninel@rambler.ru', '+73669699176', '2025-05-22 15:30:19.026');
INSERT INTO public.customers VALUES ('30aefc8c-0165-4fd1-bf03-b9e145b0302e', 'Юлий Глебович Осипов', 'ratibor1982@rambler.ru', '8 (141) 023-20-27', '2025-06-14 15:30:19.026');
INSERT INTO public.customers VALUES ('2cb45e84-c7f2-4f31-8888-ab08eba2a4c1', 'Майя Валериевна Кириллова', 'hkalashnikova@hotmail.com', '80178689671', '2025-06-07 15:30:19.026');
INSERT INTO public.customers VALUES ('51eb7f8a-ef8f-4f50-90d3-bd15ce271c13', 'Князева Василиса Михайловна', 'evstafimuravev@rambler.ru', '+7 002 737 67 01', '2025-06-04 15:30:19.027');
INSERT INTO public.customers VALUES ('8ed37c85-c126-4edc-8d00-ff9f8ec0f200', 'Ермаков Фотий Устинович', 'efim13@gmail.com', '86507786833', '2025-05-29 15:30:19.027');
INSERT INTO public.customers VALUES ('4db8bf16-42f2-4434-822d-3449396f31e6', 'Гущина Алина Николаевна', 'denisovaalevtina@gmail.com', '8 (033) 032-24-33', '2025-05-22 15:30:19.027');
INSERT INTO public.customers VALUES ('f469beb2-0f3f-4d18-91a7-4961e705a41f', 'Ольга Леоновна Чернова', 'panovavtonom@hotmail.com', '+7 728 219 62 10', '2025-05-25 15:30:19.027');
INSERT INTO public.customers VALUES ('3fb53b2a-afe7-4fd0-bcd7-5b968e1fa6fa', 'Стрелкова Евгения Филипповна', 'kolobovazoja@rambler.ru', '8 (405) 114-69-00', '2025-06-16 15:30:19.027');
INSERT INTO public.customers VALUES ('7ddfc75f-daaf-4ecd-8351-5cd95e098afe', 'Назарова Варвара Ждановна', 'dzhuravlev@yandex.ru', '+7 (579) 989-77-97', '2025-06-01 15:30:19.027');
INSERT INTO public.customers VALUES ('56c52007-f90a-4b14-a495-746b30c6d787', 'Михей Фомич Воронов', 'xnikonov@gmail.com', '+7 941 060 43 20', '2025-06-02 15:30:19.028');
INSERT INTO public.customers VALUES ('176da349-503f-4af8-871e-d4655ab55b9a', 'Шашков Парамон Ермилович', 'filatovagafon@mail.ru', '8 980 927 1321', '2025-06-16 15:30:19.028');
INSERT INTO public.customers VALUES ('9bd4c44c-4321-4860-846a-ef344af78d1d', 'тов. Журавлева Зоя Тимофеевна', 'vasilisa_04@yandex.ru', '+7 573 094 9400', '2025-05-21 15:30:19.028');
INSERT INTO public.customers VALUES ('d5ab0d07-68fc-4dbb-8758-69dcbd1d8c7d', 'Никонов Самсон Арсенович', 'alla_1986@yahoo.com', '8 (912) 046-55-60', '2025-05-25 15:30:19.028');
INSERT INTO public.customers VALUES ('18a66097-8310-4a91-95d0-0fd77e053c06', 'Юлия Николаевна Ситникова', 'vasilevnestor@gmail.com', '+7 417 822 9970', '2025-05-28 15:30:19.028');
INSERT INTO public.customers VALUES ('1c8f9b84-12a5-4f30-9b59-47b1d2e06441', 'Виталий Афанасьевич Брагин', 'ljubim2023@gmail.com', '8 (529) 486-0273', '2025-06-17 15:30:19.029');
INSERT INTO public.customers VALUES ('a1d2cc7b-25ca-4ba5-99d0-588da3588eef', 'Эрнест Давидович Шилов', 'osipovavde@yandex.ru', '8 036 875 68 92', '2025-06-01 15:30:19.029');
INSERT INTO public.customers VALUES ('9821a3ef-73a0-419b-b309-17656087cb00', 'Ларионова Евдокия Андреевна', 'teterinarhip@rambler.ru', '8 688 101 87 53', '2025-06-04 15:30:19.029');
INSERT INTO public.customers VALUES ('4f58ddb2-1c76-4736-9422-9af6a2456f7e', 'Фёкла Владиславовна Бобылева', 'lebedevstanimir@rambler.ru', '8 319 758 09 29', '2025-05-24 15:30:19.029');
INSERT INTO public.customers VALUES ('bd1a4f4d-bc73-4f60-a9a8-ca0beafdb065', 'Рожкова Евдокия Степановна', 'sinklitikija2000@yahoo.com', '8 (768) 322-3054', '2025-06-13 15:30:19.029');
INSERT INTO public.customers VALUES ('0f48f042-544b-467c-bade-33a329500121', 'Глафира Тарасовна Евдокимова', 'tihonovatamara@yahoo.com', '87330012252', '2025-05-25 15:30:19.03');
INSERT INTO public.customers VALUES ('fa16ced9-bed3-4be0-bbcd-02df75bac93d', 'Шарапов Севастьян Валерьевич', 'mevseev@rambler.ru', '+7 (482) 978-4169', '2025-05-25 15:30:19.03');
INSERT INTO public.customers VALUES ('96c60a7b-0cac-4dba-8547-3e924429ac73', 'Севастьян Глебович Шубин', 'arefi_2011@rambler.ru', '83004486589', '2025-05-30 15:30:19.03');
INSERT INTO public.customers VALUES ('adfd3975-2cfe-4ac6-83ca-fc816ea19146', 'Кирилл Геннадиевич Макаров', 'valentina_28@yahoo.com', '+7 341 002 78 08', '2025-06-16 15:30:19.03');
INSERT INTO public.customers VALUES ('3a46e449-14bf-4f4f-95b2-93de80649de6', 'Мария Владимировна Якушева', 'viktorija_38@yandex.ru', '80959866552', '2025-06-15 15:30:19.03');
INSERT INTO public.customers VALUES ('9792c65a-92c1-4eeb-a845-727ec7cb3c94', 'Вишняков Семен Викторович', 'kallistrat_1976@yahoo.com', '+76772145596', '2025-06-12 15:30:19.031');
INSERT INTO public.customers VALUES ('03e812ab-d8e1-4004-9f99-1bbb9d3aed97', 'Комарова Оксана Станиславовна', 'titovvissarion@rambler.ru', '+79307911830', '2025-05-23 15:30:19.031');
INSERT INTO public.customers VALUES ('35937caa-9b34-46b4-91a7-785ee4bae856', 'Гордеев Гаврила Владленович', 'leonkulakov@hotmail.com', '8 (435) 061-4613', '2025-06-10 15:30:19.031');


--
-- TOC entry 3393 (class 0 OID 16395)
-- Dependencies: 216
-- Data for Name: stores; Type: TABLE DATA; Schema: public; Owner: myuser
--

INSERT INTO public.stores VALUES ('72d51174-0484-4b94-960d-5406b31c907f', 'Независимая энергосбытовая компания Краснодарского края', 'клх Новороссийск, пер. Разина, д. 2/5 к. 8, 590647');
INSERT INTO public.stores VALUES ('4809719c-57e9-457f-8a3e-9ab20a24311e', 'ЗАО «Гордеева»', 'ст. Бреды, ул. Осипенко, д. 8, 852880');
INSERT INTO public.stores VALUES ('7f73a2db-32c4-4c1d-85aa-4b373e0e6b7f', 'ОАО «Русаков-Колобова»', 'г. Джейрах, ш. Шахтерское, д. 6/7 стр. 13, 836137');
INSERT INTO public.stores VALUES ('111b5ff5-9fcb-4338-8a93-295e1813d052', 'НПО «Ширяев»', 'к. Кирово-Чепецк, алл. Геологическая, д. 83, 715705');
INSERT INTO public.stores VALUES ('c2d638dc-2956-4919-a283-cc9f837b85f7', 'ОАО «Агафонов»', 'п. Ханты-Мансийск, пер. Локомотивный, д. 8 стр. 6, 205738');
INSERT INTO public.stores VALUES ('cde550a4-40c7-4d6d-95ad-29c57f387931', 'ЗАО «Фролова-Козлова»', 'ст. Суздаль, ул. Малая, д. 320 к. 3, 493931');
INSERT INTO public.stores VALUES ('44b6860b-a015-4013-a7ab-f26c6719336a', 'Скания-Русь (Scania)', 'к. Бреды, алл. Просвещения, д. 35 к. 5/4, 312271');
INSERT INTO public.stores VALUES ('d5fa70ac-21e6-41fd-be2c-28ed1c0a76e4', 'ОАО «Лобанова, Блохина и Симонова»', 'с. Уварово, наб. Калинина, д. 68, 459386');
INSERT INTO public.stores VALUES ('4adf1ea4-54d5-427b-885e-a760728e3f8e', 'ООО «Жданов»', 'к. Диксон, ш. Котовского, д. 4/3 стр. 8/2, 221363');
INSERT INTO public.stores VALUES ('828bacbf-9acd-428e-aafb-ed0d493e0e17', 'Лапин и партнеры', 'к. Черусти, бул. Механический, д. 7/5 к. 1/6, 819952');
INSERT INTO public.stores VALUES ('2b29a72c-84e7-4992-9b85-0c1ec67a8c1a', 'НПО «Устинов, Цветков и Беспалов»', 'к. Усть-Илимск, пер. Иванова, д. 614, 239679');
INSERT INTO public.stores VALUES ('d7a310d4-2782-4570-b2f7-6dd1a3cbfd70', 'ИП «Гуляев, Красильников и Михайлов»', 'п. Александров, наб. Огородная, д. 975 стр. 94, 954133');
INSERT INTO public.stores VALUES ('acb744bc-d559-48b4-8c2f-76ffb1f040b3', 'Яндекс', 'д. Глазов, ул. Баумана, д. 108 к. 6, 100565');
INSERT INTO public.stores VALUES ('c240190e-0a46-4a28-a2ef-b8102fc806cd', 'АО «Фролова, Павлова и Евдокимова»', 'г. Ангарск, наб. Жукова, д. 748 к. 193, 733544');
INSERT INTO public.stores VALUES ('ad2de4be-a63f-4d9c-a867-ace50f3addd7', 'ЗАО «Рябова»', 'п. Усть-Камчатск, ул. Орджоникидзе, д. 585, 452233');
INSERT INTO public.stores VALUES ('e2bd0e8a-2ee4-40ce-904c-34b26d7205f1', 'АО «Коновалова, Кузьмин и Суворов»', 'клх Меренга, ул. Олега Кошевого, д. 11 стр. 7, 044790');
INSERT INTO public.stores VALUES ('b3d87714-b019-4141-80e0-ceecb98388d8', 'Техкомпания Хуавэй (Huawei)', 'г. Пушкинские Горы, ул. Весенняя, д. 2 к. 536, 531990');
INSERT INTO public.stores VALUES ('dd295829-f771-4cd7-9cee-e4edaccbe4f0', 'РАО «Зимин»', 'п. Санкт-Петербург, алл. Осипенко, д. 9/5 стр. 8, 913670');
INSERT INTO public.stores VALUES ('993c6c55-50ba-4b6b-a08d-dafe6e4f88ca', 'ОАО «Анисимов, Муравьева и Лукина»', 'д. Дивногорск, пр. 8-е Марта, д. 92 к. 95, 685990');
INSERT INTO public.stores VALUES ('fc8b7d6e-43f5-4d5c-9f61-bd4c9455fff9', 'НПО «Кабанов»', 'ст. Пушкинские Горы, пр. Машиностроителей, д. 64 к. 2, 758270');
INSERT INTO public.stores VALUES ('21fe27fe-bc20-4261-b0ef-e4490dd4f5f6', 'ЗАО «Доронин Максимова»', 'клх Майкоп, наб. Садовая, д. 13 к. 101, 348167');
INSERT INTO public.stores VALUES ('63036f05-99d1-4c79-b79b-2eee631fb86b', 'ОАО «Горбунова Архипов»', 'с. Кулунда, наб. Боровая, д. 8, 441568');
INSERT INTO public.stores VALUES ('1018f606-b98d-49f2-bf35-f97342b77a04', 'Эссити (Essity)', 'д. Нефтеюганск, алл. Санаторная, д. 96 к. 5/2, 532716');
INSERT INTO public.stores VALUES ('21a1fbe7-6541-43ad-b524-0c4eef47c719', 'РАО «Козлова Мартынов»', 'с. Качканар, ул. Интернациональная, д. 612 к. 1, 872097');
INSERT INTO public.stores VALUES ('4ad80176-a09b-4805-83d1-97beabdc6d94', 'АО «Артемьева-Сазонов»', 'г. Красновишерск, ш. Вольное, д. 82 к. 566, 483743');
INSERT INTO public.stores VALUES ('d3a13c71-b2fb-4b67-8093-883d18a6741c', 'ИП «Шестаков Муравьев»', 'к. Лянтор, ул. Брянская, д. 4/7 к. 2/7, 601778');
INSERT INTO public.stores VALUES ('a2adb54c-5217-44ed-a417-78f2a7059799', 'НПО «Молчанова, Филиппов и Пестова»', 'д. Владивосток, алл. Горняцкая, д. 625 стр. 1, 756700');
INSERT INTO public.stores VALUES ('8bf71e3c-548d-4b0b-91c8-1c19737bffc4', 'ЗАО «Захарова»', 'п. Миасс, пер. Гончарова, д. 344, 890111');
INSERT INTO public.stores VALUES ('d3704504-ec56-4c16-9a83-f944a1a84537', 'Конар', 'к. Радужный, ш. Главное, д. 63, 207601');
INSERT INTO public.stores VALUES ('bc9a27e1-8001-4e84-8710-63781808b8a1', 'Совкомбанк', 'с. Рыльск, ш. Урицкого, д. 727 стр. 2, 429157');
INSERT INTO public.stores VALUES ('1c7715d2-8283-44f8-b3c3-6ad003a269b5', 'Росжелдорпроект', 'к. Златоуст, ш. Специалистов, д. 7/8 стр. 2/3, 026499');
INSERT INTO public.stores VALUES ('6be25e47-bf3e-4e58-be97-fb101df5ca00', 'Семенова Групп', 'п. Обнинск, ул. Кочубея, д. 484 стр. 4, 468390');
INSERT INTO public.stores VALUES ('5bf724d2-58fc-4c49-865e-c4e303d7b28b', 'ИП «Денисова Никитина»', 'ст. Киржач, пер. Портовый, д. 80, 184792');
INSERT INTO public.stores VALUES ('e4f52c8c-379c-4864-9c94-1d39fee4fecd', 'ИП «Рябов»', 'п. Карталы, пер. Володарского, д. 3 стр. 59, 597075');
INSERT INTO public.stores VALUES ('1780ab0f-eb18-4e6d-bf72-a20290c8e29c', 'РАО «Муравьева, Николаев и Анисимов»', 'ст. Шереметьево, пер. Герцена, д. 47 стр. 9/5, 635359');
INSERT INTO public.stores VALUES ('88e83ec8-b983-4867-aa36-c8dcf1b70e12', 'ОАО «Колесников Юдина»', 'п. Белорецк, ул. Бажова, д. 9 стр. 78, 893556');
INSERT INTO public.stores VALUES ('8683b44a-518e-43d4-ae4a-774b9c1751c0', 'ООО «Рогова-Самойлов»', 'клх Бугуруслан, алл. Южная, д. 2 стр. 49, 255343');
INSERT INTO public.stores VALUES ('5adeae9d-3fb0-4597-8770-5f69db7665ec', 'АО «Калашникова»', 'с. Хоста, пр. Мельничный, д. 36 стр. 37, 086253');
INSERT INTO public.stores VALUES ('b303b88e-ca5b-4e74-9ed1-488ef26c976a', 'АО «Ковалева, Горбунов и Мартынова»', 'с. Челябинск, бул. 50 лет Октября, д. 7/1, 392584');
INSERT INTO public.stores VALUES ('cfc25bb9-2673-4d63-b11c-38104c322522', 'ОАО «Мартынова, Гуляева и Кулаков»', 'п. Кондопога, бул. Ручейный, д. 4, 554286');
INSERT INTO public.stores VALUES ('17d42a2b-a64d-4d22-94df-5b81fe77baf9', 'ИП «Костина-Силин»', 'д. Хужир, пер. Славянский, д. 5 к. 174, 071752');
INSERT INTO public.stores VALUES ('e41fe65d-7e86-4cce-bf13-c738b26a775d', 'РАО «Зимин, Фокин и Петров»', 'клх Билибино, пр. Шахтерский, д. 4 стр. 561, 612320');
INSERT INTO public.stores VALUES ('a18c24b5-ab06-4ed0-a1a5-8d1f65128a76', 'ООО «Гришина, Авдеев и Суворов»', 'клх Шадринск, наб. Березовая, д. 80 стр. 54, 741346');
INSERT INTO public.stores VALUES ('ae567d97-029f-4762-9261-de6e6c3dcbfe', 'ФМСМ (PMI)', 'к. Городовиковск, алл. Осенняя, д. 75, 560948');
INSERT INTO public.stores VALUES ('aecd3719-0650-4cb9-a9f0-d12b65e9702c', 'Лихачева Инкорпорэйтед', 'клх Нязепетровск, ш. 40 лет Октября, д. 56, 680844');
INSERT INTO public.stores VALUES ('f0abd306-ef51-4047-83d4-e3a64ba4dd70', 'АО «Пестова»', 'ст. Вендинга, пер. Льва Толстого, д. 8/4 стр. 4, 726843');
INSERT INTO public.stores VALUES ('0aa9a693-1d62-467a-a779-7f33c6454b2b', 'ЗАО «Журавлева-Бирюкова»', 'г. Белогорск (Амур.), пер. Восьмого Марта, д. 82 к. 4/5, 127304');
INSERT INTO public.stores VALUES ('4a75d90d-3d1c-4c54-bc4c-7dd51e0cd815', 'Жданова Лимитед', 'с. Тихорецк, ул. Буденного, д. 22, 440801');
INSERT INTO public.stores VALUES ('aaa08e35-ab09-4db7-96e7-596d26abfa95', 'Комиссаров Лимитед', 'к. Троицко-Печорск, ул. Донская, д. 13, 655862');
INSERT INTO public.stores VALUES ('64a30bfc-07b8-4b11-ba9d-90bdda55afbd', 'РАО «Дементьев-Молчанов»', 'ст. Усть-Илимск, пр. Крылова, д. 28 к. 3/3, 915208');
INSERT INTO public.stores VALUES ('3e07bddf-bae7-48af-8753-0a5b33ffdfcc', 'Банк Возрождение', 'клх Челябинск, алл. Большая, д. 6, 034359');
INSERT INTO public.stores VALUES ('6fba6fea-09f3-4b89-b596-3ade9c16c66f', 'НПО «Горбачев»', 'клх Воткинск, наб. Тупиковая, д. 565, 888194');
INSERT INTO public.stores VALUES ('2a2a82f3-49bc-4fb8-b441-1b20a6d5fbb2', 'ЗАО «Марков»', 'п. Саратов, ул. Ярославская, д. 71 к. 7, 370966');
INSERT INTO public.stores VALUES ('13983031-b6b6-426e-9502-264ef987021c', 'ООО «Максимова»', 'клх Черняховск, ул. Санаторная, д. 3, 582971');
INSERT INTO public.stores VALUES ('6b36f57e-db29-40b7-b65b-9a5c277147ab', 'ЗАО «Фокин, Рыбаков и Егорова»', 'ст. Аршан (Бурят.), пер. Красноярский, д. 937 к. 64, 139171');
INSERT INTO public.stores VALUES ('5335d178-5266-47c1-a09d-553b972a5c7d', 'НПО «Трофимова-Лыткин»', 'с. Туруханск, наб. Павлика Морозова, д. 16, 996394');
INSERT INTO public.stores VALUES ('37d1db9d-7bc5-4f1a-8616-6112731ab3d9', 'Отисифарм', 'с. Воскресенск, наб. Чайкиной, д. 8/3, 968224');
INSERT INTO public.stores VALUES ('eb179fb9-2673-46d2-a92b-4d758f1842e0', 'ООО «Афанасьев-Назаров»', 'п. Ардон, пр. Ветеранов, д. 6 стр. 1, 206049');
INSERT INTO public.stores VALUES ('c5a5ea2b-9381-43fe-bb60-12fc4c4f460a', 'ИП «Осипов-Муравьев»', 'к. Кингисепп, пер. Малиновый, д. 6 стр. 256, 772938');
INSERT INTO public.stores VALUES ('7d023b50-5082-4904-8b62-f61bcb33a99d', 'АО «Герасимов-Горбачева»', 'клх Игарка, бул. Вокзальный, д. 4, 837004');
INSERT INTO public.stores VALUES ('785a7e72-94cb-49fa-8fac-d5685111fdee', 'Лукин и партнеры', 'с. Суздаль, пр. Пожарского, д. 594 к. 4/8, 876348');
INSERT INTO public.stores VALUES ('90cc2d10-c963-4427-a519-a04182a638cb', 'Сысоев Лтд', 'г. Уссурийск, ш. Маяковского, д. 1 стр. 68, 616982');
INSERT INTO public.stores VALUES ('3847d67a-6ff5-4f49-877e-4d46fb3d3d82', 'ОАО «Белова Егорова»', 'д. Североуральск, бул. Томский, д. 2 стр. 620, 573162');
INSERT INTO public.stores VALUES ('79dfe29d-669b-4b44-befe-79021c455e53', 'ООО «Герасимова-Власова»', 'к. Приморско-Ахтарск, наб. Макаренко, д. 278, 956466');
INSERT INTO public.stores VALUES ('f3615f84-d1bc-471a-af21-be22f58a7a45', 'ООО «Ковалев Русакова»', 'к. Игнашино, ш. Черемушки, д. 90, 312002');
INSERT INTO public.stores VALUES ('8a494d1c-e1f7-43c1-863c-bee8da2a5957', 'НПО «Жукова»', 'с. Мелеуз, пер. Западный, д. 42 стр. 485, 205334');
INSERT INTO public.stores VALUES ('aab37cb7-6362-4db9-82a5-81df6f0c566d', 'Ямал СПГ', 'к. Апатиты, бул. Надежды, д. 2 к. 61, 038077');
INSERT INTO public.stores VALUES ('29a16e5c-975b-4632-bd45-1c32e4a0a2a1', 'Глория Джинс', 'ст. Черусти, ул. Уральская, д. 1/3 стр. 81, 490787');
INSERT INTO public.stores VALUES ('430e69e5-b46b-4092-97a0-fd34ffe1ee99', 'ИП «Ефимова-Пестов»', 'к. Анадырь, ш. Звездное, д. 520 стр. 8, 688817');
INSERT INTO public.stores VALUES ('024f7d2a-8d1a-4567-b77c-965890e8182c', 'НПО «Воробьев»', 'с. Сибай, наб. Владимирская, д. 2 к. 2/2, 823388');
INSERT INTO public.stores VALUES ('db999612-4461-4a63-a923-c9b1a6922423', 'ОАО «Прохоров»', 'к. Воронеж, ул. Пирогова, д. 4/6, 186518');
INSERT INTO public.stores VALUES ('5a155d48-ead3-4f41-97f9-7babfb4b37b1', 'Агафонова Лтд', 'с. Павловская, пер. Новостройка, д. 509 стр. 97, 711883');
INSERT INTO public.stores VALUES ('8306afb7-2443-4e70-99d1-d2d6b811ddd0', 'НПО «Баранова Белозерова»', 'ст. Красноуфимск, ул. Кедровая, д. 895 стр. 5, 277954');
INSERT INTO public.stores VALUES ('d87a4432-ff42-4dfe-b002-76a18d46b5de', 'АО «Гущина Харитонова»', 'д. Когалым, ш. Урицкого, д. 3/7, 562987');
INSERT INTO public.stores VALUES ('4169984b-b9ea-4afc-89da-7ef429ebf631', 'ТМК', 'ст. Боровск, ш. Транспортное, д. 5 к. 9, 444362');
INSERT INTO public.stores VALUES ('47f6e600-f7c1-4b66-a704-4b64f14e378c', 'Лазарев Групп', 'п. Химки, ул. Больничная, д. 65 стр. 2, 875219');
INSERT INTO public.stores VALUES ('e6f2154e-9c64-4b26-a805-a60fccd49962', 'НПО «Дементьев Артемьев»', 'с. Петропавловск-Камчатский, ш. Ульянова, д. 186 стр. 4/5, 877688');
INSERT INTO public.stores VALUES ('8a1cc266-da43-406d-80b6-935c298c9f63', 'ИП «Кононова-Карпов»', 'с. Аша, бул. Станиславского, д. 993, 561401');
INSERT INTO public.stores VALUES ('fdba5898-ab6d-4d3d-aebf-95f9a02df6ff', 'Одинцова и партнеры', 'к. Лабинск, ш. Пригородное, д. 2, 490772');
INSERT INTO public.stores VALUES ('620cd97c-e8de-4d15-a1cb-3bfdd15b53f5', 'ПТК Уголь', 'клх Калач-на-Дону, ул. Учительская, д. 715 к. 254, 371331');
INSERT INTO public.stores VALUES ('7fe59ab1-e08e-4f13-8276-07848795bc81', 'ИП «Евдокимова Мясникова»', 'г. Льгов, пер. Крестьянский, д. 322 стр. 262, 357059');
INSERT INTO public.stores VALUES ('97955143-0ed4-427f-bf47-317f2b3eb0be', 'ЗАО «Артемьева-Князев»', 'с. Зеленоград, ул. Воронежская, д. 7 стр. 4, 169605');
INSERT INTO public.stores VALUES ('0132b77b-c55c-413d-9102-b285070e10f1', 'Деловые линии', 'п. Инта, наб. Юности, д. 3/5, 362070');
INSERT INTO public.stores VALUES ('b580ff57-09ff-48df-958e-9b302fd0594c', 'Андреева Инк', 'с. Токсово, пер. Подстанция, д. 8/3, 502453');
INSERT INTO public.stores VALUES ('2154411c-4545-4bd8-9f18-361ed5f3232c', 'ГК Мега-Авто', 'п. Канск, пер. Чкалова, д. 7/2 стр. 48, 903936');
INSERT INTO public.stores VALUES ('428267fd-a99c-4127-9930-bc98b109f1b9', 'АО «Макаров»', 'ст. Ногинск (Моск.), бул. Комсомольский, д. 37 стр. 7, 314725');
INSERT INTO public.stores VALUES ('2c5dca68-582a-43bf-8048-f7b136bb9dd2', 'Прогресс', 'ст. Урюпинск, алл. Аэродромная, д. 8/2 стр. 3, 296066');
INSERT INTO public.stores VALUES ('fc70a441-022c-4d8f-903f-5879538c7956', 'ООО «Овчинников, Савельева и Костин»', 'клх Амурск, ш. Строительное, д. 2 к. 2, 309706');
INSERT INTO public.stores VALUES ('485919f6-e274-4a06-86bd-d402a0a0a262', 'Коновалова Групп', 'к. Апшеронск, пер. Максима Горького, д. 6 стр. 6, 416606');
INSERT INTO public.stores VALUES ('07af26b9-a0ed-44f3-b728-cbfd58befc13', 'Пестова Инкорпорэйтед', 'с. Апрелевка, пр. Панфилова, д. 1 стр. 45, 098666');
INSERT INTO public.stores VALUES ('5a706c77-4d1b-439a-aac3-a169fb84c3ee', 'РАО «Жданов-Орлов»', 'г. Кижи, пр. Дорожный, д. 870 к. 478, 464010');
INSERT INTO public.stores VALUES ('19f2a75a-3593-4587-a5d7-80f513342157', 'S7 Group', 'клх Усинск, наб. Проточная, д. 1/9 стр. 9, 330934');
INSERT INTO public.stores VALUES ('d2283682-3799-4424-a557-346ac89edf53', 'АО «Гурьев Марков»', 'п. Орск, ш. Короленко, д. 568, 427235');
INSERT INTO public.stores VALUES ('82e47c7a-25d8-42d2-97ed-08f315096e05', 'АО «Козлова, Максимов и Фролова»', 'г. Салават, алл. Мелиоративная, д. 6 к. 424, 997340');
INSERT INTO public.stores VALUES ('2635f216-cea2-40b1-8db8-4b99511ac0d3', 'ИП «Кудрявцева»', 'п. Новомичуринск, пер. Родниковый, д. 686 стр. 8, 171393');
INSERT INTO public.stores VALUES ('f45693ef-32cb-4a84-be3d-9ba90b08c7c3', 'ООО «Власов, Смирнов и Большаков»', 'ст. Вуктыл, пр. Новосельский, д. 6/3 стр. 271, 489337');
INSERT INTO public.stores VALUES ('20128382-073a-4c1b-92bd-0b24b2a778d8', 'ООО «Максимова-Сазонова»', 'г. Шелагонцы, пер. Гражданский, д. 400 к. 904, 859425');
INSERT INTO public.stores VALUES ('463f2151-57cf-4283-88f9-45613730f1e7', 'ИП «Гордеев»', 'к. Катав-Ивановск, ул. Кольцова, д. 384, 621716');
INSERT INTO public.stores VALUES ('ec13dd23-2194-485d-a704-b4d1bf000e81', 'ИП «Брагин-Архипова»', 'ст. Набережные Челны, алл. Озерная, д. 950, 421532');
INSERT INTO public.stores VALUES ('3754e264-9191-4016-a21e-1e6e5835fc09', 'АО «Одинцова»', 'г. Махачкала, ул. Курская, д. 53, 541115');




--
-- TOC entry 3394 (class 0 OID 16402)
-- Dependencies: 217
-- Data for Name: products; Type: TABLE DATA; Schema: public; Owner: myuser
--

INSERT INTO public.products VALUES ('96a96a19-b7eb-46f4-a937-3d57a9cd6c8c', 'Яблоко', 'Яблоко высшего качества от проверенного поставщика.', 123.45, 'Фрукты');
INSERT INTO public.products VALUES ('3e05e859-f33d-4ccf-85b6-086f68cbad01', 'Картофель', 'Картофель высшего качества от проверенного поставщика.', 215.82, 'Овощи');
INSERT INTO public.products VALUES ('8f5115d2-ce1a-451e-bac7-00807643ae73', 'Молоко', 'Молоко высшего качества от проверенного поставщика.', 244.96, 'Молочные продукты');
INSERT INTO public.products VALUES ('4d3d2699-e7cc-4eaa-92ef-7a9acadec522', 'Хлеб пшеничный', 'Хлеб пшеничный высшего качества от проверенного поставщика.', 224.20, 'Хлебобулочные изделия');
INSERT INTO public.products VALUES ('ebea63fd-e987-47e4-9013-b6a0c5d7eee7', 'Чай', 'Чай высшего качества от проверенного поставщика.', 447.65, 'Напитки');
INSERT INTO public.products VALUES ('f48eb508-d5f1-4232-8b2d-4b691230e704', 'Говядина', 'Говядина высшего качества от проверенного поставщика.', 362.83, 'Мясо');
INSERT INTO public.products VALUES ('cd3569e4-197a-4aef-a4bc-2eafe815c881', 'Лосось', 'Лосось высшего качества от проверенного поставщика.', 484.93, 'Рыба');
INSERT INTO public.products VALUES ('73157cb3-1612-4c14-9a66-184367dddaec', 'Шоколад', 'Шоколад высшего качества от проверенного поставщика.', 444.24, 'Сладости');
INSERT INTO public.products VALUES ('4d01b0a7-a8a5-4c2d-9195-88abccc77161', 'Апельсин', 'Апельсин высшего качества от проверенного поставщика.', 392.33, 'Фрукты');
INSERT INTO public.products VALUES ('6e546bdc-1a31-4e30-975a-aadda6d13233', 'Морковь', 'Морковь высшего качества от проверенного поставщика.', 432.94, 'Овощи');
INSERT INTO public.products VALUES ('1e690deb-3f81-4338-b269-3d0ffd721c03', 'Йогурт', 'Йогурт высшего качества от проверенного поставщика.', 432.29, 'Молочные продукты');
INSERT INTO public.products VALUES ('719f66c6-dbeb-445e-b3d7-362437d39527', 'Батон', 'Батон высшего качества от проверенного поставщика.', 461.11, 'Хлебобулочные изделия');
INSERT INTO public.products VALUES ('4a193f99-a06b-460d-90d2-0d46aad79c0a', 'Вода', 'Вода высшего качества от проверенного поставщика.', 392.79, 'Напитки');
INSERT INTO public.products VALUES ('26973450-66e7-4739-b4c4-513543394ef0', 'Свинина', 'Свинина высшего качества от проверенного поставщика.', 494.98, 'Мясо');
INSERT INTO public.products VALUES ('ce38ca28-f90c-47d6-a91f-0b3b52fc8561', 'Треска', 'Треска высшего качества от проверенного поставщика.', 347.16, 'Рыба');
INSERT INTO public.products VALUES ('110b78b6-b515-4fbf-8832-404a737dbc14', 'Печенье', 'Печенье высшего качества от проверенного поставщика.', 285.36, 'Сладости');
INSERT INTO public.products VALUES ('9c560907-9d77-4b61-913c-56e8741be48c', 'Груша', 'Груша высшего качества от проверенного поставщика.', 442.43, 'Фрукты');
INSERT INTO public.products VALUES ('88d75378-aece-4896-a70b-cc32bd4b3d7e', 'Свекла', 'Свекла высшего качества от проверенного поставщика.', 297.10, 'Овощи');
INSERT INTO public.products VALUES ('a749d3fd-3010-49c0-b7fc-7a1d056705c5', 'Сливки', 'Сливки высшего качества от проверенного поставщика.', 279.94, 'Молочные продукты');
INSERT INTO public.products VALUES ('1ecd5e28-8ef4-4f75-8903-38ad3a6b0db9', 'Лаваш', 'Лаваш высшего качества от проверенного поставщика.', 329.56, 'Хлебобулочные изделия');
INSERT INTO public.products VALUES ('a0024e09-7e0d-4ea4-a16b-a416c5aa08a3', 'Сок', 'Сок высшего качества от проверенного поставщика.', 419.19, 'Напитки');
INSERT INTO public.products VALUES ('ff083844-7347-40d3-9780-9810a71800a0', 'Индейка', 'Индейка высшего качества от проверенного поставщика.', 226.24, 'Мясо');
INSERT INTO public.products VALUES ('ea406649-599c-4294-a424-c5897f7e04e8', 'Скумбрия', 'Скумбрия высшего качества от проверенного поставщика.', 360.71, 'Рыба');
INSERT INTO public.products VALUES ('c711de98-e37b-4e22-b37d-5784b10a29b6', 'Конфеты', 'Конфеты высшего качества от проверенного поставщика.', 499.26, 'Сладости');
INSERT INTO public.products VALUES ('2a994573-ec1a-4901-be0c-3dd0a7b2d7fa', 'Банан', 'Банан высшего качества от проверенного поставщика.', 272.41, 'Фрукты');
INSERT INTO public.products VALUES ('34a0f007-8636-4e63-85ef-55d4d41930ce', 'Лук', 'Лук высшего качества от проверенного поставщика.', 363.63, 'Овощи');
INSERT INTO public.products VALUES ('0bae2cfb-b410-410d-95ac-69db257efe0f', 'Творог', 'Творог высшего качества от проверенного поставщика.', 472.58, 'Молочные продукты');
INSERT INTO public.products VALUES ('d7936120-9ca0-4b03-98bb-3288a8d66ac4', 'Булочка', 'Булочка высшего качества от проверенного поставщика.', 427.79, 'Хлебобулочные изделия');
INSERT INTO public.products VALUES ('148c7ce5-ab05-491c-ac62-bc89a4528dff', 'Кофе', 'Кофе высшего качества от проверенного поставщика.', 291.93, 'Напитки');
INSERT INTO public.products VALUES ('7c2662dc-89c2-4021-aab4-791ccf8985b7', 'Курица', 'Курица высшего качества от проверенного поставщика.', 491.32, 'Мясо');
INSERT INTO public.products VALUES ('fbc0643a-29aa-441d-9121-3b8a8074fa3d', 'Карп', 'Карп высшего качества от проверенного поставщика.', 484.94, 'Рыба');
INSERT INTO public.products VALUES ('180afbe7-63f3-4784-b676-be7073b2e8c3', 'Торт', 'Торт высшего качества от проверенного поставщика.', 498.27, 'Сладости');
INSERT INTO public.products VALUES ('c9ced00b-fbb1-4ad3-8357-ba7e6fd4db36', 'Виноград', 'Виноград высшего качества от проверенного поставщика.', 345.26, 'Фрукты');
INSERT INTO public.products VALUES ('5cefa21e-807e-43d7-841b-de339ed3bf94', 'Чеснок', 'Чеснок высшего качества от проверенного поставщика.', 474.48, 'Овощи');
INSERT INTO public.products VALUES ('33308ebe-99b1-48ca-b091-03e8d2c7637c', 'Сыр твердый', 'Сыр твердый высшего качества от проверенного поставщика.', 498.43, 'Молочные продукты');
INSERT INTO public.products VALUES ('9df93362-7e88-4dd4-9317-85835542224c', 'Хлеб ржаной', 'Хлеб ржаной высшего качества от проверенного поставщика.', 340.16, 'Хлебобулочные изделия');
INSERT INTO public.products VALUES ('ccae6863-9004-4ddd-b14e-7b0c0194de91', 'Лимонад', 'Лимонад высшего качества от проверенного поставщика.', 412.97, 'Напитки');
INSERT INTO public.products VALUES ('847b7929-6d17-4150-9f9a-5c7f49de843d', 'Баранина', 'Баранина высшего качества от проверенного поставщика.', 457.68, 'Мясо');
INSERT INTO public.products VALUES ('fc84d0a3-b49d-498e-88fb-56ccd1d78dd1', 'Форель', 'Форель высшего качества от проверенного поставщика.', 396.10, 'Рыба');
INSERT INTO public.products VALUES ('11483b7d-f76d-4321-97d7-17d84fd88f28', 'Мороженое', 'Мороженое высшего качества от проверенного поставщика.', 495.96, 'Сладости');
INSERT INTO public.products VALUES ('b1fe3842-fbf9-4173-8c66-700b21ed2644', 'Персик', 'Персик высшего качества от проверенного поставщика.', 391.46, 'Фрукты');
INSERT INTO public.products VALUES ('dae0a610-4dea-4f93-adc2-655e3c630c8b', 'Томат', 'Томат высшего качества от проверенного поставщика.', 269.91, 'Овощи');
INSERT INTO public.products VALUES ('6ea4f6f4-fbc4-4bf0-91ce-f8bc00e9d3fa', 'Кефир', 'Кефир высшего качества от проверенного поставщика.', 225.63, 'Молочные продукты');
INSERT INTO public.products VALUES ('97c4fe82-23f9-4b79-864d-4d82fdd0a8be', 'Багет', 'Багет высшего качества от проверенного поставщика.', 425.23, 'Хлебобулочные изделия');
INSERT INTO public.products VALUES ('dd9d86d0-0576-4497-8031-3f9cd12c956b', 'Энергетический напиток', 'Энергетический напиток высшего качества от проверенного поставщика.', 395.88, 'Напитки');
INSERT INTO public.products VALUES ('2d8e1b00-1915-4650-95ba-c1340aff058d', 'Утка', 'Утка высшего качества от проверенного поставщика.', 461.56, 'Мясо');
INSERT INTO public.products VALUES ('d0cd6111-c74b-4f0a-9715-da2d38d34454', 'Минтай', 'Минтай высшего качества от проверенного поставщика.', 327.25, 'Рыба');
INSERT INTO public.products VALUES ('16a9a44b-bf6e-4b54-93f0-d8dbc6f2c093', 'Пирожное', 'Пирожное высшего качества от проверенного поставщика.', 451.38, 'Сладости');
INSERT INTO public.products VALUES ('d5d54229-1d3e-40c5-9423-676391a73b38', 'Киви', 'Киви высшего качества от проверенного поставщика.', 428.64, 'Фрукты');
INSERT INTO public.products VALUES ('e5f53032-ac28-4fff-839f-1e5ad4fd82af', 'Капуста', 'Капуста высшего качества от проверенного поставщика.', 251.22, 'Овощи');
INSERT INTO public.products VALUES ('95ba424a-88a5-4c24-ba08-43d9f15ae399', 'Сметана', 'Сметана высшего качества от проверенного поставщика.', 427.94, 'Молочные продукты');
INSERT INTO public.products VALUES ('b12867cc-a3bf-4683-90e9-c722af7ebe0a', 'Французский багет', 'Французский багет высшего качества от проверенного поставщика.', 452.18, 'Хлебобулочные изделия');
INSERT INTO public.products VALUES ('8999a5ae-c35b-4fe8-80ce-6586fcdcc45c', 'Минеральная вода', 'Минеральная вода высшего качества от проверенного поставщика.', 310.69, 'Напитки');
INSERT INTO public.products VALUES ('d07dc793-d890-446a-b4d7-f47de718c46f', 'Гусь', 'Гусь высшего качества от проверенного поставщика.', 421.71, 'Мясо');
INSERT INTO public.products VALUES ('0c596de3-1d9c-488d-8a18-ad4195a099cd', 'Щука', 'Щука высшего качества от проверенного поставщика.', 243.14, 'Рыба');
INSERT INTO public.products VALUES ('c3acbe5f-1578-469c-abe2-8762a46b329c', 'Пончик', 'Пончик высшего качества от проверенного поставщика.', 322.32, 'Сладости');
INSERT INTO public.products VALUES ('f0f2ad76-3397-4ca0-8c01-86288d6f309e', 'Мандарин', 'Мандарин высшего качества от проверенного поставщика.', 385.68, 'Фрукты');
INSERT INTO public.products VALUES ('8d808550-7ae5-4bd2-9c1a-012fb3fa71b2', 'Огурец', 'Огурец высшего качества от проверенного поставщика.', 441.23, 'Овощи');
INSERT INTO public.products VALUES ('10028e57-f617-47cc-954e-d7f2b0cd8840', 'Ряженка', 'Ряженка высшего качества от проверенного поставщика.', 485.45, 'Молочные продукты');
INSERT INTO public.products VALUES ('e095cb22-d8a5-447c-866f-8136b5bfda24', 'Бородинский хлеб', 'Бородинский хлеб высшего качества от проверенного поставщика.', 312.10, 'Хлебобулочные изделия');
INSERT INTO public.products VALUES ('70b52190-b47e-4fab-971e-2e63979c6fa5', 'Чай зелёный', 'Чай зелёный высшего качества от проверенного поставщика.', 485.69, 'Напитки');
INSERT INTO public.products VALUES ('5eeb752d-52f1-4a9b-9dd4-0c5a3fe38906', 'Кролик', 'Кролик высшего качества от проверенного поставщика.', 232.93, 'Мясо');
INSERT INTO public.products VALUES ('769d3d36-2d00-43b9-83ba-975d4b9580fd', 'Камбала', 'Камбала высшего качества от проверенного поставщика.', 419.85, 'Рыба');
INSERT INTO public.products VALUES ('275fded8-149b-46e5-8e0a-b38758173410', 'Маффин', 'Маффин высшего качества от проверенного поставщика.', 351.41, 'Сладости');
INSERT INTO public.products VALUES ('6f297b40-6c09-440f-971f-4bbe55d7e404', 'Кокос', 'Кокос высшего качества от проверенного поставщика.', 346.39, 'Фрукты');
INSERT INTO public.products VALUES ('fe14cd1a-2548-47e5-a20f-57c7bbe64b03', 'Петрушка', 'Петрушка высшего качества от проверенного поставщика.', 226.98, 'Овощи');
INSERT INTO public.products VALUES ('2bb46fdc-9b69-45f7-bc7b-2a7ae76cbd43', 'Простокваша', 'Простокваша высшего качества от проверенного поставщика.', 245.61, 'Молочные продукты');
INSERT INTO public.products VALUES ('3536df7e-c59b-4fd7-8e95-59ea1ac0b531', 'Французская булка', 'Французская булка высшего качества от проверенного поставщика.', 319.88, 'Хлебобулочные изделия');
INSERT INTO public.products VALUES ('0e9d442f-625b-42be-ad29-f802e91c0ab4', 'Кофе растворимый', 'Кофе растворимый высшего качества от проверенного поставщика.', 298.95, 'Напитки');
INSERT INTO public.products VALUES ('a4379971-426e-4794-8e16-f77c9203f5a5', 'Свинина (шейная часть)', 'Свинина (шейная часть) высшего качества от проверенного поставщика.', 307.38, 'Мясо');
INSERT INTO public.products VALUES ('270de07d-231e-4954-a4b0-b62ba144736b', 'Сёмга', 'Сёмга высшего качества от проверенного поставщика.', 285.85, 'Рыба');
INSERT INTO public.products VALUES ('1b31da62-4cc0-43de-a742-1dcb7660ad98', 'Мармелад', 'Мармелад высшего качества от проверенного поставщика.', 485.99, 'Сладости');
INSERT INTO public.products VALUES ('b561ec9c-efb0-445f-b5a8-e9bd1eac19f4', 'Ананас', 'Ананас высшего качества от проверенного поставщика.', 377.29, 'Фрукты');
INSERT INTO public.products VALUES ('0e1efcb2-79a8-4897-8409-9b7af465f28b', 'Брокколи', 'Брокколи высшего качества от проверенного поставщика.', 499.91, 'Овощи');
INSERT INTO public.products VALUES ('7018fa85-e3e6-4ecb-992f-2f8b32bdffc6', 'Масло сливочное', 'Масло сливочное высшего качества от проверенного поставщика.', 425.61, 'Молочные продукты');
INSERT INTO public.products VALUES ('c1cd2e48-6b44-441f-b166-cb2d0b8ebb37', 'Сухарь', 'Сухарь высшего качества от проверенного поставщика.', 365.78, 'Хлебобулочные изделия');
INSERT INTO public.products VALUES ('f8a64819-27c6-4c6e-bbf1-aa63e796ce35', 'Чёрный чай', 'Чёрный чай высшего качества от проверенного поставщика.', 475.62, 'Напитки');
INSERT INTO public.products VALUES ('a7d881bc-feb0-45c5-b31c-807ff3fe99af', 'Баранина (лопатка)', 'Баранина (лопатка) высшего качества от проверенного поставщика.', 490.43, 'Мясо');
INSERT INTO public.products VALUES ('81c09c30-866c-4632-bf63-2f163dd3227b', 'Мидии', 'Мидии высшего качества от проверенного поставщика.', 439.23, 'Рыба');
INSERT INTO public.products VALUES ('a1fdae85-4993-4057-adc6-057f42e96ad9', 'Зефир', 'Зефир высшего качества от проверенного поставщика.', 345.66, 'Сладости');
INSERT INTO public.products VALUES ('7065389a-19e0-4687-8105-fa681157a099', 'Груша конференция', 'Груша конференция высшего качества от проверенного поставщика.', 355.46, 'Фрукты');
INSERT INTO public.products VALUES ('abe2a0a0-2c75-41cb-b61d-ecde1cf5768d', 'Цукини', 'Цукини высшего качества от проверенного поставщика.', 291.24, 'Овощи');
INSERT INTO public.products VALUES ('54de3ff6-df9f-4bf0-b7bd-6e5d5165e333', 'Йогурт натуральный', 'Йогурт натуральный высшего качества от проверенного поставщика.', 249.43, 'Молочные продукты');
INSERT INTO public.products VALUES ('b52312bd-a38f-4ace-a57f-24adf9c1a0ec', 'Батон нарезной', 'Батон нарезной высшего качества от проверенного поставщика.', 292.45, 'Хлебобулочные изделия');
INSERT INTO public.products VALUES ('40926636-0d57-4742-8305-8ee725280791', 'Кофе эспрессо', 'Кофе эспрессо высшего качества от проверенного поставщика.', 338.76, 'Напитки');
INSERT INTO public.products VALUES ('2f26b518-59e8-405b-a74c-8c21e0d33e4d', 'Говядина (филе)', 'Говядина (филе) высшего качества от проверенного поставщика.', 478.34, 'Мясо');
INSERT INTO public.products VALUES ('2deddb79-b674-46cd-bc4a-217f135460d6', 'Креветки', 'Креветки высшего качества от проверенного поставщика.', 325.22, 'Рыба');
INSERT INTO public.products VALUES ('9bf2ac57-8d22-4d62-808a-e5d4bcdff55c', 'Печенье овсяное', 'Печенье овсяное высшего качества от проверенного поставщика.', 225.65, 'Сладости');
INSERT INTO public.products VALUES ('0d42f65b-5da2-4818-bc81-617c01d4f7cd', 'Киви зеленый', 'Киви зеленый высшего качества от проверенного поставщика.', 497.69, 'Фрукты');
INSERT INTO public.products VALUES ('fcf5fbfb-ae9d-43fb-ab51-f153076d3b7d', 'Помидор черри', 'Помидор черри высшего качества от проверенного поставщика.', 345.85, 'Овощи');
INSERT INTO public.products VALUES ('b276b77b-f899-49f4-abeb-713b6dc49107', 'Творог обезжиренный', 'Творог обезжиренный высшего качества от проверенного поставщика.', 444.10, 'Молочные продукты');
INSERT INTO public.products VALUES ('daceb9cf-1952-41d2-a9dc-6f79f1d1b66c', 'Французский хлеб', 'Французский хлеб высшего качества от проверенного поставщика.', 437.43, 'Хлебобулочные изделия');
INSERT INTO public.products VALUES ('29f23370-94c8-4736-b629-e6cca021f14d', 'Чай каркадэ', 'Чай каркадэ высшего качества от проверенного поставщика.', 229.11, 'Напитки');
INSERT INTO public.products VALUES ('45c2d381-0e58-4d80-9b31-9a6bad2b9be1', 'Свинина (грудинка)', 'Свинина (грудинка) высшего качества от проверенного поставщика.', 391.63, 'Мясо');
INSERT INTO public.products VALUES ('089b4c9e-53f1-4210-887a-325709473a6e', 'Окунь', 'Окунь высшего качества от проверенного поставщика.', 395.10, 'Рыба');
INSERT INTO public.products VALUES ('8c869075-18a9-4b75-b81d-470d6e3ba45f', 'Шоколад молочный', 'Шоколад молочный высшего качества от проверенного поставщика.', 275.61, 'Сладости');


--
-- TOC entry 3395 (class 0 OID 16410)
-- Dependencies: 218
-- Data for Name: inventories; Type: TABLE DATA; Schema: public; Owner: myuser
--

INSERT INTO public.inventories VALUES ('72d51174-0484-4b94-960d-5406b31c907f', '1ecd5e28-8ef4-4f75-8903-38ad3a6b0db9', 427, '2025-04-16');
INSERT INTO public.inventories VALUES ('72d51174-0484-4b94-960d-5406b31c907f', 'abe2a0a0-2c75-41cb-b61d-ecde1cf5768d', 843, '2025-04-16');
INSERT INTO public.inventories VALUES ('4809719c-57e9-457f-8a3e-9ab20a24311e', 'abe2a0a0-2c75-41cb-b61d-ecde1cf5768d', 843, '2025-04-13');
INSERT INTO public.inventories VALUES ('7f73a2db-32c4-4c1d-85aa-4b373e0e6b7f', 'fbc0643a-29aa-441d-9121-3b8a8074fa3d', 601, '2025-04-15');
INSERT INTO public.inventories VALUES ('111b5ff5-9fcb-4338-8a93-295e1813d052', 'a1fdae85-4993-4057-adc6-057f42e96ad9', 234, '2025-04-12');
INSERT INTO public.inventories VALUES ('c2d638dc-2956-4919-a283-cc9f837b85f7', '9df93362-7e88-4dd4-9317-85835542224c', 789, '2025-04-18');
INSERT INTO public.inventories VALUES ('cde550a4-40c7-4d6d-95ad-29c57f387931', 'fbc0643a-29aa-441d-9121-3b8a8074fa3d', 102, '2025-04-17');
INSERT INTO public.inventories VALUES ('44b6860b-a015-4013-a7ab-f26c6719336a', 'a0024e09-7e0d-4ea4-a16b-a416c5aa08a3', 456, '2025-04-14');
INSERT INTO public.inventories VALUES ('d5fa70ac-21e6-41fd-be2c-28ed1c0a76e4', 'ccae6863-9004-4ddd-b14e-7b0c0194de91', 87, '2025-04-11');
INSERT INTO public.inventories VALUES ('4adf1ea4-54d5-427b-885e-a760728e3f8e', '1b31da62-4cc0-43de-a742-1dcb7660ad98', 333, '2025-04-19');
INSERT INTO public.inventories VALUES ('828bacbf-9acd-428e-aafb-ed0d493e0e17', 'd5d54229-1d3e-40c5-9423-676391a73b38', 902, '2025-04-15');
INSERT INTO public.inventories VALUES ('2b29a72c-84e7-4992-9b85-0c1ec67a8c1a', '2a994573-ec1a-4901-be0c-3dd0a7b2d7fa', 512, '2025-04-13');
INSERT INTO public.inventories VALUES ('d7a310d4-2782-4570-b2f7-6dd1a3cbfd70', 'c711de98-e37b-4e22-b37d-5784b10a29b6', 298, '2025-04-16');
INSERT INTO public.inventories VALUES ('acb744bc-d559-48b4-8c2f-76ffb1f040b3', 'b276b77b-f899-49f4-abeb-713b6dc49107', 712, '2025-04-12');
INSERT INTO public.inventories VALUES ('c240190e-0a46-4a28-a2ef-b8102fc806cd', '110b78b6-b515-4fbf-8832-404a737dbc14', 111, '2025-04-14');
INSERT INTO public.inventories VALUES ('ad2de4be-a63f-4d9c-a867-ace50f3addd7', 'b276b77b-f899-49f4-abeb-713b6dc49107', 667, '2025-04-17');
INSERT INTO public.inventories VALUES ('e2bd0e8a-2ee4-40ce-904c-34b26d7205f1', '9bf2ac57-8d22-4d62-808a-e5d4bcdff55c', 444, '2025-04-18');
INSERT INTO public.inventories VALUES ('b3d87714-b019-4141-80e0-ceecb98388d8', 'd7936120-9ca0-4b03-98bb-3288a8d66ac4', 876, '2025-04-19');
INSERT INTO public.inventories VALUES ('dd295829-f771-4cd7-9cee-e4edaccbe4f0', '6e546bdc-1a31-4e30-975a-aadda6d13233', 321, '2025-04-15');
INSERT INTO public.inventories VALUES ('993c6c55-50ba-4b6b-a08d-dafe6e4f88ca', 'fcf5fbfb-ae9d-43fb-ab51-f153076d3b7d', 109, '2025-04-16');
INSERT INTO public.inventories VALUES ('fc8b7d6e-43f5-4d5c-9f61-bd4c9455fff9', 'fbc0643a-29aa-441d-9121-3b8a8074fa3d', 765, '2025-04-11');
INSERT INTO public.inventories VALUES ('21fe27fe-bc20-4261-b0ef-e4490dd4f5f6', '1b31da62-4cc0-43de-a742-1dcb7660ad98', 222, '2025-04-13');
INSERT INTO public.inventories VALUES ('63036f05-99d1-4c79-b79b-2eee631fb86b', '9bf2ac57-8d22-4d62-808a-e5d4bcdff55c', 987, '2025-04-14');
INSERT INTO public.inventories VALUES ('1018f606-b98d-49f2-bf35-f97342b77a04', 'a749d3fd-3010-49c0-b7fc-7a1d056705c5', 543, '2025-04-12');
INSERT INTO public.inventories VALUES ('21a1fbe7-6541-43ad-b524-0c4eef47c719', 'b12867cc-a3bf-4683-90e9-c722af7ebe0a', 198, '2025-04-17');
INSERT INTO public.inventories VALUES ('4ad80176-a09b-4805-83d1-97beabdc6d94', '45c2d381-0e58-4d80-9b31-9a6bad2b9be1', 888, '2025-04-18');
INSERT INTO public.inventories VALUES ('d3a13c71-b2fb-4b67-8093-883d18a6741c', 'b276b77b-f899-49f4-abeb-713b6dc49107', 675, '2025-04-19');
INSERT INTO public.inventories VALUES ('a2adb54c-5217-44ed-a417-78f2a7059799', '4d01b0a7-a8a5-4c2d-9195-88abccc77161', 342, '2025-04-15');
INSERT INTO public.inventories VALUES ('8bf71e3c-548d-4b0b-91c8-1c19737bffc4', 'f0f2ad76-3397-4ca0-8c01-86288d6f309e', 221, '2025-04-16');
INSERT INTO public.inventories VALUES ('d3704504-ec56-4c16-9a83-f944a1a84537', '81c09c30-866c-4632-bf63-2f163dd3227b', 123, '2025-04-11');
INSERT INTO public.inventories VALUES ('bc9a27e1-8001-4e84-8710-63781808b8a1', 'b561ec9c-efb0-445f-b5a8-e9bd1eac19f4', 999, '2025-04-12');
INSERT INTO public.inventories VALUES ('1c7715d2-8283-44f8-b3c3-6ad003a269b5', '34a0f007-8636-4e63-85ef-55d4d41930ce', 444, '2025-04-14');
INSERT INTO public.inventories VALUES ('6be25e47-bf3e-4e58-be97-fb101df5ca00', 'b561ec9c-efb0-445f-b5a8-e9bd1eac19f4', 777, '2025-04-13');
INSERT INTO public.inventories VALUES ('5bf724d2-58fc-4c49-865e-c4e303d7b28b', '9df93362-7e88-4dd4-9317-85835542224c', 321, '2025-04-17');
INSERT INTO public.inventories VALUES ('e4f52c8c-379c-4864-9c94-1d39fee4fecd', 'b561ec9c-efb0-445f-b5a8-e9bd1eac19f4', 876, '2025-04-18');
INSERT INTO public.inventories VALUES ('1780ab0f-eb18-4e6d-bf72-a20290c8e29c', 'fc84d0a3-b49d-498e-88fb-56ccd1d78dd1', 512, '2025-04-19');
INSERT INTO public.inventories VALUES ('88e83ec8-b983-4867-aa36-c8dcf1b70e12', 'fe14cd1a-2548-47e5-a20f-57c7bbe64b03', 601, '2025-04-15');
INSERT INTO public.inventories VALUES ('8683b44a-518e-43d4-ae4a-774b9c1751c0', 'f0f2ad76-3397-4ca0-8c01-86288d6f309e', 432, '2025-04-16');
INSERT INTO public.inventories VALUES ('5adeae9d-3fb0-4597-8770-5f69db7665ec', '8c869075-18a9-4b75-b81d-470d6e3ba45f', 902, '2025-04-11');
INSERT INTO public.inventories VALUES ('b303b88e-ca5b-4e74-9ed1-488ef26c976a', 'b561ec9c-efb0-445f-b5a8-e9bd1eac19f4', 111, '2025-04-12');
INSERT INTO public.inventories VALUES ('cfc25bb9-2673-4d63-b11c-38104c322522', '1e690deb-3f81-4338-b269-3d0ffd721c03', 789, '2025-04-14');
INSERT INTO public.inventories VALUES ('17d42a2b-a64d-4d22-94df-5b81fe77baf9', 'f0f2ad76-3397-4ca0-8c01-86288d6f309e', 666, '2025-04-13');
INSERT INTO public.inventories VALUES ('e41fe65d-7e86-4cce-bf13-c738b26a775d', '8f5115d2-ce1a-451e-bac7-00807643ae73', 333, '2025-04-17');
INSERT INTO public.inventories VALUES ('a18c24b5-ab06-4ed0-a1a5-8d1f65128a76', '7018fa85-e3e6-4ecb-992f-2f8b32bdffc6', 222, '2025-04-18');
INSERT INTO public.inventories VALUES ('ae567d97-029f-4762-9261-de6e6c3dcbfe', '11483b7d-f76d-4321-97d7-17d84fd88f28', 888, '2025-04-19');
INSERT INTO public.inventories VALUES ('aecd3719-0650-4cb9-a9f0-d12b65e9702c', '45c2d381-0e58-4d80-9b31-9a6bad2b9be1', 543, '2025-04-15');
INSERT INTO public.inventories VALUES ('f0abd306-ef51-4047-83d4-e3a64ba4dd70', 'c9ced00b-fbb1-4ad3-8357-ba7e6fd4db36', 999, '2025-04-16');
INSERT INTO public.inventories VALUES ('0aa9a693-1d62-467a-a779-7f33c6454b2b', 'a749d3fd-3010-49c0-b7fc-7a1d056705c5', 765, '2025-04-11');
INSERT INTO public.inventories VALUES ('4a75d90d-3d1c-4c54-bc4c-7dd51e0cd815', '29f23370-94c8-4736-b629-e6cca021f14d', 444, '2025-04-12');
INSERT INTO public.inventories VALUES ('aaa08e35-ab09-4db7-96e7-596d26abfa95', 'c711de98-e37b-4e22-b37d-5784b10a29b6', 321, '2025-04-14');
INSERT INTO public.inventories VALUES ('64a30bfc-07b8-4b11-ba9d-90bdda55afbd', '4d3d2699-e7cc-4eaa-92ef-7a9acadec522', 876, '2025-04-13');
INSERT INTO public.inventories VALUES ('3e07bddf-bae7-48af-8753-0a5b33ffdfcc', '7065389a-19e0-4687-8105-fa681157a099', 512, '2025-04-17');
INSERT INTO public.inventories VALUES ('6fba6fea-09f3-4b89-b596-3ade9c16c66f', '8999a5ae-c35b-4fe8-80ce-6586fcdcc45c', 601, '2025-04-18');
INSERT INTO public.inventories VALUES ('2a2a82f3-49bc-4fb8-b441-1b20a6d5fbb2', '110b78b6-b515-4fbf-8832-404a737dbc14', 432, '2025-04-19');
INSERT INTO public.inventories VALUES ('13983031-b6b6-426e-9502-264ef987021c', '29f23370-94c8-4736-b629-e6cca021f14d', 902, '2025-04-15');
INSERT INTO public.inventories VALUES ('6b36f57e-db29-40b7-b65b-9a5c277147ab', 'd5d54229-1d3e-40c5-9423-676391a73b38', 111, '2025-04-16');
INSERT INTO public.inventories VALUES ('5335d178-5266-47c1-a09d-553b972a5c7d', '10028e57-f617-47cc-954e-d7f2b0cd8840', 789, '2025-04-11');
INSERT INTO public.inventories VALUES ('37d1db9d-7bc5-4f1a-8616-6112731ab3d9', '8f5115d2-ce1a-451e-bac7-00807643ae73', 666, '2025-04-12');
INSERT INTO public.inventories VALUES ('eb179fb9-2673-46d2-a92b-4d758f1842e0', 'a749d3fd-3010-49c0-b7fc-7a1d056705c5', 333, '2025-04-14');
INSERT INTO public.inventories VALUES ('c5a5ea2b-9381-43fe-bb60-12fc4c4f460a', '6f297b40-6c09-440f-971f-4bbe55d7e404', 222, '2025-04-13');
INSERT INTO public.inventories VALUES ('7d023b50-5082-4904-8b62-f61bcb33a99d', 'd0cd6111-c74b-4f0a-9715-da2d38d34454', 888, '2025-04-17');
INSERT INTO public.inventories VALUES ('785a7e72-94cb-49fa-8fac-d5685111fdee', 'e5f53032-ac28-4fff-839f-1e5ad4fd82af', 543, '2025-04-18');
INSERT INTO public.inventories VALUES ('90cc2d10-c963-4427-a519-a04182a638cb', '0d42f65b-5da2-4818-bc81-617c01d4f7cd', 999, '2025-04-19');
INSERT INTO public.inventories VALUES ('3847d67a-6ff5-4f49-877e-4d46fb3d3d82', 'b276b77b-f899-49f4-abeb-713b6dc49107', 765, '2025-04-15');
INSERT INTO public.inventories VALUES ('79dfe29d-669b-4b44-befe-79021c455e53', 'b52312bd-a38f-4ace-a57f-24adf9c1a0ec', 444, '2025-04-16');
INSERT INTO public.inventories VALUES ('f3615f84-d1bc-471a-af21-be22f58a7a45', '6f297b40-6c09-440f-971f-4bbe55d7e404', 321, '2025-04-11');
INSERT INTO public.inventories VALUES ('8a494d1c-e1f7-43c1-863c-bee8da2a5957', '73157cb3-1612-4c14-9a66-184367dddaec', 876, '2025-04-12');
INSERT INTO public.inventories VALUES ('aab37cb7-6362-4db9-82a5-81df6f0c566d', '7018fa85-e3e6-4ecb-992f-2f8b32bdffc6', 512, '2025-04-14');
INSERT INTO public.inventories VALUES ('29a16e5c-975b-4632-bd45-1c32e4a0a2a1', '70b52190-b47e-4fab-971e-2e63979c6fa5', 601, '2025-04-13');
INSERT INTO public.inventories VALUES ('430e69e5-b46b-4092-97a0-fd34ffe1ee99', '3e05e859-f33d-4ccf-85b6-086f68cbad01', 432, '2025-04-17');
INSERT INTO public.inventories VALUES ('024f7d2a-8d1a-4567-b77c-965890e8182c', '16a9a44b-bf6e-4b54-93f0-d8dbc6f2c093', 902, '2025-04-18');
INSERT INTO public.inventories VALUES ('db999612-4461-4a63-a923-c9b1a6922423', 'a4379971-426e-4794-8e16-f77c9203f5a5', 111, '2025-04-19');
INSERT INTO public.inventories VALUES ('5a155d48-ead3-4f41-97f9-7babfb4b37b1', 'ff083844-7347-40d3-9780-9810a71800a0', 789, '2025-04-15');
INSERT INTO public.inventories VALUES ('8306afb7-2443-4e70-99d1-d2d6b811ddd0', '2a994573-ec1a-4901-be0c-3dd0a7b2d7fa', 666, '2025-04-16');
INSERT INTO public.inventories VALUES ('d87a4432-ff42-4dfe-b002-76a18d46b5de', 'd7936120-9ca0-4b03-98bb-3288a8d66ac4', 333, '2025-04-11');
INSERT INTO public.inventories VALUES ('4169984b-b9ea-4afc-89da-7ef429ebf631', '4d01b0a7-a8a5-4c2d-9195-88abccc77161', 222, '2025-04-12');
INSERT INTO public.inventories VALUES ('47f6e600-f7c1-4b66-a704-4b64f14e378c', '2deddb79-b674-46cd-bc4a-217f135460d6', 888, '2025-04-14');
INSERT INTO public.inventories VALUES ('e6f2154e-9c64-4b26-a805-a60fccd49962', '2f26b518-59e8-405b-a74c-8c21e0d33e4d', 543, '2025-04-13');
INSERT INTO public.inventories VALUES ('8a1cc266-da43-406d-80b6-935c298c9f63', '7018fa85-e3e6-4ecb-992f-2f8b32bdffc6', 999, '2025-04-17');
INSERT INTO public.inventories VALUES ('fdba5898-ab6d-4d3d-aebf-95f9a02df6ff', '95ba424a-88a5-4c24-ba08-43d9f15ae399', 765, '2025-04-18');
INSERT INTO public.inventories VALUES ('620cd97c-e8de-4d15-a1cb-3bfdd15b53f5', '26973450-66e7-4739-b4c4-513543394ef0', 444, '2025-04-19');
INSERT INTO public.inventories VALUES ('7fe59ab1-e08e-4f13-8276-07848795bc81', '7065389a-19e0-4687-8105-fa681157a099', 321, '2025-04-15');
INSERT INTO public.inventories VALUES ('97955143-0ed4-427f-bf47-317f2b3eb0be', 'f8a64819-27c6-4c6e-bbf1-aa63e796ce35', 876, '2025-04-16');
INSERT INTO public.inventories VALUES ('0132b77b-c55c-413d-9102-b285070e10f1', '0c596de3-1d9c-488d-8a18-ad4195a099cd', 512, '2025-04-11');
INSERT INTO public.inventories VALUES ('b580ff57-09ff-48df-958e-9b302fd0594c', '88d75378-aece-4896-a70b-cc32bd4b3d7e', 601, '2025-04-12');
INSERT INTO public.inventories VALUES ('2154411c-4545-4bd8-9f18-361ed5f3232c', '5cefa21e-807e-43d7-841b-de339ed3bf94', 432, '2025-04-14');
INSERT INTO public.inventories VALUES ('428267fd-a99c-4127-9930-bc98b109f1b9', 'c1cd2e48-6b44-441f-b166-cb2d0b8ebb37', 902, '2025-04-13');
INSERT INTO public.inventories VALUES ('2c5dca68-582a-43bf-8048-f7b136bb9dd2', '73157cb3-1612-4c14-9a66-184367dddaec', 111, '2025-04-17');
INSERT INTO public.inventories VALUES ('fc70a441-022c-4d8f-903f-5879538c7956', '847b7929-6d17-4150-9f9a-5c7f49de843d', 789, '2025-04-18');
INSERT INTO public.inventories VALUES ('485919f6-e274-4a06-86bd-d402a0a0a262', '34a0f007-8636-4e63-85ef-55d4d41930ce', 666, '2025-04-19');
INSERT INTO public.inventories VALUES ('07af26b9-a0ed-44f3-b728-cbfd58befc13', '148c7ce5-ab05-491c-ac62-bc89a4528dff', 333, '2025-04-15');
INSERT INTO public.inventories VALUES ('5a706c77-4d1b-439a-aac3-a169fb84c3ee', '34a0f007-8636-4e63-85ef-55d4d41930ce', 222, '2025-04-16');
INSERT INTO public.inventories VALUES ('19f2a75a-3593-4587-a5d7-80f513342157', 'daceb9cf-1952-41d2-a9dc-6f79f1d1b66c', 888, '2025-04-11');
INSERT INTO public.inventories VALUES ('d2283682-3799-4424-a557-346ac89edf53', '2deddb79-b674-46cd-bc4a-217f135460d6', 543, '2025-04-12');
INSERT INTO public.inventories VALUES ('82e47c7a-25d8-42d2-97ed-08f315096e05', '16a9a44b-bf6e-4b54-93f0-d8dbc6f2c093', 999, '2025-04-14');
INSERT INTO public.inventories VALUES ('2635f216-cea2-40b1-8db8-4b99511ac0d3', 'a749d3fd-3010-49c0-b7fc-7a1d056705c5', 765, '2025-04-13');
INSERT INTO public.inventories VALUES ('f45693ef-32cb-4a84-be3d-9ba90b08c7c3', 'ff083844-7347-40d3-9780-9810a71800a0', 444, '2025-04-17');




--
-- TOC entry 3396 (class 0 OID 16426)
-- Dependencies: 219
-- Data for Name: orders; Type: TABLE DATA; Schema: public; Owner: myuser
--

INSERT INTO public.orders VALUES ('89a0259f-b4be-49cf-863e-535a0c4dcfbd', 'eb41dd93-9134-4623-a803-21b821f23a32', '430e69e5-b46b-4092-97a0-fd34ffe1ee99', '2025-05-30 16:36:19.612', 'completed');
INSERT INTO public.orders VALUES ('59f401a4-2d96-487b-b14c-c76e7c5e258a', '1a0130b6-9482-4888-8765-7f6dd79bf721', 'd3704504-ec56-4c16-9a83-f944a1a84537', '2025-05-29 16:36:19.612', 'completed');
INSERT INTO public.orders VALUES ('5010495a-5fc6-44cf-b47a-a663e715ff38', '1873f668-6eaa-4c62-9d3b-51496cfafc74', 'c240190e-0a46-4a28-a2ef-b8102fc806cd', '2025-05-24 16:36:19.612', 'completed');
INSERT INTO public.orders VALUES ('3daf103b-27fc-4fee-9c71-510b3ac6c80a', 'bd791be7-adcb-486b-bfa2-159cdbc649e8', '5a155d48-ead3-4f41-97f9-7babfb4b37b1', '2025-05-21 16:36:19.612', 'completed');
INSERT INTO public.orders VALUES ('899f8e02-d14f-4bd0-9090-369dd9d58c57', '4db8bf16-42f2-4434-822d-3449396f31e6', '07af26b9-a0ed-44f3-b728-cbfd58befc13', '2025-05-21 16:36:19.612', 'completed');
INSERT INTO public.orders VALUES ('d65873dd-a226-4765-a83f-696f59c64d23', 'd4880903-15a6-4360-b54e-d8df67a6da2e', '17d42a2b-a64d-4d22-94df-5b81fe77baf9', '2025-05-28 16:36:19.612', 'completed');
INSERT INTO public.orders VALUES ('8d26a814-0337-4696-9f4a-0b89eeed6cac', '36b3c277-8be1-4e27-a8b3-0e8e6229b486', '19f2a75a-3593-4587-a5d7-80f513342157', '2025-05-30 16:36:19.612', 'completed');
INSERT INTO public.orders VALUES ('40ca65ef-ad15-4434-a79a-d701d36fb2f3', '0a383ff4-b2a8-4636-9d83-3b68d3016ad7', 'd3a13c71-b2fb-4b67-8093-883d18a6741c', '2025-05-29 16:36:19.612', 'completed');
INSERT INTO public.orders VALUES ('cb33f88e-c9c5-4a36-b58c-f2196cbe07aa', 'f8321107-171b-4bc7-9981-29c2f06bf9f1', 'c240190e-0a46-4a28-a2ef-b8102fc806cd', '2025-05-19 16:36:19.612', 'completed');
INSERT INTO public.orders VALUES ('c98e887b-39c2-494e-bc87-a0b81182bcef', '002805e2-7ab7-4a0d-9e21-34609b62609e', '1780ab0f-eb18-4e6d-bf72-a20290c8e29c', '2025-06-07 16:36:19.612', 'completed');
INSERT INTO public.orders VALUES ('4ddddfa2-6baf-4640-b9d0-7dfa45df4388', '56c52007-f90a-4b14-a495-746b30c6d787', 'd3a13c71-b2fb-4b67-8093-883d18a6741c', '2025-06-10 16:36:19.612', 'completed');
INSERT INTO public.orders VALUES ('ef5f9275-fe43-4811-91a6-4c1eec0a0dcc', '5ff01c2d-ff96-4cc8-aa5e-39b1368b5fc4', '90cc2d10-c963-4427-a519-a04182a638cb', '2025-06-02 16:36:19.612', 'completed');
INSERT INTO public.orders VALUES ('d6fba1ed-a97f-48be-b9f5-2f8765b1c487', '31f0ae64-54ea-4aab-b819-a5fa4cd339f8', 'd7a310d4-2782-4570-b2f7-6dd1a3cbfd70', '2025-06-14 16:36:19.612', 'completed');
INSERT INTO public.orders VALUES ('89a718f6-eb3d-4b20-a756-5693830e6209', '88e7e545-67b0-4e59-85e0-1ff19e36bb97', '8306afb7-2443-4e70-99d1-d2d6b811ddd0', '2025-05-20 16:36:19.612', 'completed');
INSERT INTO public.orders VALUES ('29816259-dc4e-4802-9a23-4cff4e69fc76', 'a23cf342-083c-4a4d-b23e-85918f28a043', '6b36f57e-db29-40b7-b65b-9a5c277147ab', '2025-05-24 16:36:19.612', 'completed');
INSERT INTO public.orders VALUES ('e43e82a2-70b7-4351-85d8-b82d2fade3c7', '621b5769-affe-4101-8473-db290c830207', 'aaa08e35-ab09-4db7-96e7-596d26abfa95', '2025-06-03 16:36:19.612', 'completed');
INSERT INTO public.orders VALUES ('8d24ba5d-1182-49a0-b903-f126d31c0821', '9821a3ef-73a0-419b-b309-17656087cb00', '1c7715d2-8283-44f8-b3c3-6ad003a269b5', '2025-05-30 16:36:19.613', 'completed');
INSERT INTO public.orders VALUES ('2de10b45-e659-48b1-bacc-159302aceb11', 'dc99d223-dacf-4879-8de6-31351aadfe40', 'dd295829-f771-4cd7-9cee-e4edaccbe4f0', '2025-05-30 16:36:19.613', 'completed');
INSERT INTO public.orders VALUES ('18cbbff3-5255-49d8-86b8-f099da12734a', 'a1d2cc7b-25ca-4ba5-99d0-588da3588eef', '13983031-b6b6-426e-9502-264ef987021c', '2025-06-07 16:36:19.613', 'completed');
INSERT INTO public.orders VALUES ('edc715f9-d421-4d16-972c-d343b22c3300', 'a23cf342-083c-4a4d-b23e-85918f28a043', '29a16e5c-975b-4632-bd45-1c32e4a0a2a1', '2025-06-09 16:36:19.613', 'completed');
INSERT INTO public.orders VALUES ('079cd17d-a1a6-42d2-bd90-4f6b0dfec089', 'd170ede9-017b-4a7f-9b6a-04b478dda765', 'd7a310d4-2782-4570-b2f7-6dd1a3cbfd70', '2025-06-13 16:36:19.613', 'completed');
INSERT INTO public.orders VALUES ('9fe6f4ca-9d7d-4d32-8542-16357dde7e3b', '6f956c8d-cd52-438f-87e8-d23eb84cf38e', 'bc9a27e1-8001-4e84-8710-63781808b8a1', '2025-06-05 16:36:19.613', 'completed');
INSERT INTO public.orders VALUES ('014074f2-ea56-444c-9bfa-3d95b70135b8', 'f8321107-171b-4bc7-9981-29c2f06bf9f1', '7fe59ab1-e08e-4f13-8276-07848795bc81', '2025-06-01 16:36:19.613', 'completed');
INSERT INTO public.orders VALUES ('c0ee97ce-a367-4569-8ff6-bc6e358fb4ba', '430b2736-bdae-404e-891e-da3ec20c6186', '2154411c-4545-4bd8-9f18-361ed5f3232c', '2025-05-21 16:36:19.613', 'completed');
INSERT INTO public.orders VALUES ('ffbc3390-74da-4a9f-8939-cc13b4b926a9', '1873f668-6eaa-4c62-9d3b-51496cfafc74', '3e07bddf-bae7-48af-8753-0a5b33ffdfcc', '2025-06-07 16:36:19.613', 'completed');
INSERT INTO public.orders VALUES ('f5a9fe9e-c3b3-4df9-9770-6da8f4e0596c', '51eb7f8a-ef8f-4f50-90d3-bd15ce271c13', '5adeae9d-3fb0-4597-8770-5f69db7665ec', '2025-06-10 16:36:19.613', 'completed');
INSERT INTO public.orders VALUES ('4d833b11-e5e9-48ab-8bc0-582704437b11', 'cd671c68-cb0c-4acf-95df-653d37c3c97c', '1c7715d2-8283-44f8-b3c3-6ad003a269b5', '2025-06-12 16:36:19.613', 'completed');
INSERT INTO public.orders VALUES ('a0ae40a5-a94a-43b0-a0a6-16eccab76c7a', '400e8083-072d-472b-b97c-e77020096078', '7f73a2db-32c4-4c1d-85aa-4b373e0e6b7f', '2025-05-26 16:36:19.613', 'completed');
INSERT INTO public.orders VALUES ('e5be418f-f56d-48e0-be96-0bf9bcfb4091', 'adfd3975-2cfe-4ac6-83ca-fc816ea19146', '29a16e5c-975b-4632-bd45-1c32e4a0a2a1', '2025-05-31 16:36:19.613', 'completed');
INSERT INTO public.orders VALUES ('d6258f1b-fde2-4840-9614-2814ff676522', 'be14968c-9724-4510-a868-e120137fe62c', 'e6f2154e-9c64-4b26-a805-a60fccd49962', '2025-05-23 16:36:19.613', 'completed');
INSERT INTO public.orders VALUES ('d4195b70-ac8e-4855-a2b0-b198fe71617a', '3fb53b2a-afe7-4fd0-bcd7-5b968e1fa6fa', 'c2d638dc-2956-4919-a283-cc9f837b85f7', '2025-06-07 16:36:19.613', 'completed');
INSERT INTO public.orders VALUES ('1b66c7e3-369e-49a7-94b1-fcdd47504a60', '7ddfc75f-daaf-4ecd-8351-5cd95e098afe', '485919f6-e274-4a06-86bd-d402a0a0a262', '2025-05-21 16:36:19.613', 'completed');
INSERT INTO public.orders VALUES ('1770c6c6-3f3e-4b86-9f7c-136dfbbdc28b', 'bb602b18-c380-4f9b-a8a1-a2b948a3fab4', 'aab37cb7-6362-4db9-82a5-81df6f0c566d', '2025-06-03 16:36:19.613', 'completed');
INSERT INTO public.orders VALUES ('e40d46b3-5180-4be1-b8ee-f77d243c333c', '101d7aa4-d7ba-4c8a-9743-94acd63fdca3', 'fdba5898-ab6d-4d3d-aebf-95f9a02df6ff', '2025-06-01 16:36:19.613', 'completed');
INSERT INTO public.orders VALUES ('5c4b2dd1-35d9-4e9c-bdb2-f499842f5d8d', 'ed313193-5fc3-44ad-85e4-36d4eae3350e', '2154411c-4545-4bd8-9f18-361ed5f3232c', '2025-06-07 16:36:19.613', 'completed');
INSERT INTO public.orders VALUES ('0c3c8114-d11d-4d2c-a613-e3f8889f773d', 'bd791be7-adcb-486b-bfa2-159cdbc649e8', 'aecd3719-0650-4cb9-a9f0-d12b65e9702c', '2025-05-21 16:36:19.613', 'completed');
INSERT INTO public.orders VALUES ('9825ae87-8ac5-4154-9d00-2790ddf70c13', '56c52007-f90a-4b14-a495-746b30c6d787', 'e4f52c8c-379c-4864-9c94-1d39fee4fecd', '2025-05-29 16:36:19.613', 'completed');
INSERT INTO public.orders VALUES ('20c31f90-debb-48e2-9c56-c16479b66e1a', '30aefc8c-0165-4fd1-bf03-b9e145b0302e', '463f2151-57cf-4283-88f9-45613730f1e7', '2025-05-27 16:36:19.613', 'completed');
INSERT INTO public.orders VALUES ('ee403242-67a1-477a-8dcf-72b11947cc00', '3875f5ac-5a68-4063-b697-cb03c58934ff', '6be25e47-bf3e-4e58-be97-fb101df5ca00', '2025-06-15 16:36:19.613', 'completed');
INSERT INTO public.orders VALUES ('b82743ba-95ba-4f46-8822-7cb99046e0a9', '8dda448f-40c5-414e-9c8e-5c60ec565c68', 'd2283682-3799-4424-a557-346ac89edf53', '2025-06-12 16:36:19.613', 'completed');
INSERT INTO public.orders VALUES ('fbe95e1f-4c8c-4b74-9012-fdd7292a6b80', 'ed313193-5fc3-44ad-85e4-36d4eae3350e', 'f45693ef-32cb-4a84-be3d-9ba90b08c7c3', '2025-06-16 16:36:19.613', 'completed');
INSERT INTO public.orders VALUES ('38689ae5-0231-4ef7-be17-172a2a43738c', '88e7e545-67b0-4e59-85e0-1ff19e36bb97', '3e07bddf-bae7-48af-8753-0a5b33ffdfcc', '2025-06-10 16:36:19.613', 'completed');
INSERT INTO public.orders VALUES ('0f64b6f5-8d9c-4dfc-93d1-bed19d3d5c55', 'a1d2cc7b-25ca-4ba5-99d0-588da3588eef', '111b5ff5-9fcb-4338-8a93-295e1813d052', '2025-05-29 16:36:19.613', 'completed');
INSERT INTO public.orders VALUES ('8f48316e-e62e-4cc8-98fe-043626c89745', '0ddcf1a4-676c-4276-80f4-b12068746580', '4a75d90d-3d1c-4c54-bc4c-7dd51e0cd815', '2025-05-24 16:36:19.613', 'completed');
INSERT INTO public.orders VALUES ('5a674358-c582-41ae-8dcf-247a3bfeccef', 'eefe7ad1-e475-48fd-9d97-69ae962ebde2', '8a1cc266-da43-406d-80b6-935c298c9f63', '2025-05-31 16:36:19.613', 'completed');
INSERT INTO public.orders VALUES ('f7297839-0014-40d6-834e-f03b4015a9c4', '621b5769-affe-4101-8473-db290c830207', '428267fd-a99c-4127-9930-bc98b109f1b9', '2025-06-08 16:36:19.613', 'completed');
INSERT INTO public.orders VALUES ('fd057643-d030-4c47-b7d2-689a49764e58', '18a66097-8310-4a91-95d0-0fd77e053c06', 'a2adb54c-5217-44ed-a417-78f2a7059799', '2025-06-06 16:36:19.613', 'completed');
INSERT INTO public.orders VALUES ('9e76e7b0-1322-417a-978b-43265daa1f51', 'd1555820-9c6d-4fb2-ba35-188ab0de81c9', '111b5ff5-9fcb-4338-8a93-295e1813d052', '2025-05-24 16:36:19.613', 'completed');
INSERT INTO public.orders VALUES ('300d9613-f0eb-4834-b8ff-9c7a9e6d7e02', '6caa26a5-a07e-43a5-80fd-6c63c5a58878', '7fe59ab1-e08e-4f13-8276-07848795bc81', '2025-06-13 16:36:19.613', 'completed');
INSERT INTO public.orders VALUES ('04ee78ee-1d23-4b25-bcc7-9b8d5bca6458', '9bd4c44c-4321-4860-846a-ef344af78d1d', 'dd295829-f771-4cd7-9cee-e4edaccbe4f0', '2025-06-12 16:36:19.613', 'completed');
INSERT INTO public.orders VALUES ('ded5aa1e-b7d3-4dad-9962-aadb282faeb0', '002805e2-7ab7-4a0d-9e21-34609b62609e', '0132b77b-c55c-413d-9102-b285070e10f1', '2025-06-13 16:36:19.613', 'completed');
INSERT INTO public.orders VALUES ('340c7716-1ba5-49e3-accc-253976ff6c11', '234da323-8c8b-46e0-b137-d0058664e97a', '7d023b50-5082-4904-8b62-f61bcb33a99d', '2025-06-01 16:36:19.613', 'completed');
INSERT INTO public.orders VALUES ('be01fe84-73ab-44f5-9f11-f24e30e8731a', '49d2025c-7bbd-44d1-be5a-b44f1bc64c7a', '7d023b50-5082-4904-8b62-f61bcb33a99d', '2025-05-25 16:36:19.613', 'completed');
INSERT INTO public.orders VALUES ('aca2bcf3-e138-401f-9466-c7100eb654b5', '305aac2f-db9c-4a7f-a648-e9f1a0c77207', '7f73a2db-32c4-4c1d-85aa-4b373e0e6b7f', '2025-05-20 16:36:19.613', 'completed');
INSERT INTO public.orders VALUES ('ff02b36d-c88e-4add-a07c-a0dd4f70f612', '36cb321b-ef13-4008-8f91-4faaea1f6fa7', 'f3615f84-d1bc-471a-af21-be22f58a7a45', '2025-06-09 16:36:19.613', 'completed');
INSERT INTO public.orders VALUES ('0315da89-ddca-43ef-ab6b-4862d8bbb956', '0aed6ca9-baf8-4cc0-a7d4-5dbeb2e8f662', 'bc9a27e1-8001-4e84-8710-63781808b8a1', '2025-05-23 16:36:19.613', 'completed');
INSERT INTO public.orders VALUES ('686ce3c9-bef0-4e7f-bd6b-b60eace9085d', 'eefe7ad1-e475-48fd-9d97-69ae962ebde2', '4809719c-57e9-457f-8a3e-9ab20a24311e', '2025-06-17 16:36:19.613', 'completed');
INSERT INTO public.orders VALUES ('ad6ea576-38ea-4e0d-8782-00d25b67a93c', '3875f5ac-5a68-4063-b697-cb03c58934ff', '63036f05-99d1-4c79-b79b-2eee631fb86b', '2025-06-05 16:36:19.613', 'completed');
INSERT INTO public.orders VALUES ('c958cafe-4696-4f60-a369-3c77ec52e036', '3875f5ac-5a68-4063-b697-cb03c58934ff', '0aa9a693-1d62-467a-a779-7f33c6454b2b', '2025-05-20 16:36:19.613', 'completed');
INSERT INTO public.orders VALUES ('4d53749f-7408-4335-9807-ea84c1c550b7', '6f4a9531-11dd-448c-beac-97c00c30b5f6', '6fba6fea-09f3-4b89-b596-3ade9c16c66f', '2025-05-25 16:36:19.613', 'completed');
INSERT INTO public.orders VALUES ('3eb0a6a7-74ae-41ec-ab85-8b7c09b93272', '9821a3ef-73a0-419b-b309-17656087cb00', 'b3d87714-b019-4141-80e0-ceecb98388d8', '2025-05-21 16:36:19.614', 'completed');
INSERT INTO public.orders VALUES ('8a2d7de3-1bd5-4aab-9f85-40a68dca6347', 'bb602b18-c380-4f9b-a8a1-a2b948a3fab4', '8683b44a-518e-43d4-ae4a-774b9c1751c0', '2025-05-23 16:36:19.614', 'completed');
INSERT INTO public.orders VALUES ('7c942fd2-c365-4a26-b394-5f7fd610e45c', 'a23cf342-083c-4a4d-b23e-85918f28a043', 'e6f2154e-9c64-4b26-a805-a60fccd49962', '2025-05-25 16:36:19.614', 'completed');
INSERT INTO public.orders VALUES ('26341507-348b-48e1-a0f2-5cb16deab8f2', 'fa16ced9-bed3-4be0-bbcd-02df75bac93d', 'cde550a4-40c7-4d6d-95ad-29c57f387931', '2025-06-05 16:36:19.614', 'completed');
INSERT INTO public.orders VALUES ('bc49913a-0142-47fe-93ba-67a7bc6d4a27', '51eb7f8a-ef8f-4f50-90d3-bd15ce271c13', 'dd295829-f771-4cd7-9cee-e4edaccbe4f0', '2025-06-11 16:36:19.614', 'completed');
INSERT INTO public.orders VALUES ('ac56e8c1-51df-4e28-ad65-f08c124ca4de', '018fdec9-c94e-40b9-b5f4-55064db320ba', 'a18c24b5-ab06-4ed0-a1a5-8d1f65128a76', '2025-06-12 16:36:19.614', 'completed');
INSERT INTO public.orders VALUES ('3f680bfa-3f47-49e4-9488-f8dff51dd249', '9f57e70f-a953-4ce5-bb38-31997e07e55f', '2635f216-cea2-40b1-8db8-4b99511ac0d3', '2025-05-28 16:36:19.614', 'completed');
INSERT INTO public.orders VALUES ('bb007270-4ad5-49e7-86a2-f6a4924792ba', 'adfd3975-2cfe-4ac6-83ca-fc816ea19146', '620cd97c-e8de-4d15-a1cb-3bfdd15b53f5', '2025-05-29 16:36:19.614', 'completed');
INSERT INTO public.orders VALUES ('0bc801f7-c4cc-48d0-961c-dba9a9a324f8', '5818432c-8887-42e1-98d0-75da653a1e81', 'c2d638dc-2956-4919-a283-cc9f837b85f7', '2025-06-16 16:36:19.614', 'completed');
INSERT INTO public.orders VALUES ('e37d6982-0263-42c6-ab2b-9c2784226d8d', 'd6caaf69-2dda-4643-8fdb-c1dd82d5da2e', 'cde550a4-40c7-4d6d-95ad-29c57f387931', '2025-05-28 16:36:19.614', 'completed');
INSERT INTO public.orders VALUES ('82984dea-55ad-4d8f-b931-69876cf3a117', '176da349-503f-4af8-871e-d4655ab55b9a', '19f2a75a-3593-4587-a5d7-80f513342157', '2025-06-11 16:36:19.614', 'completed');
INSERT INTO public.orders VALUES ('c9cae650-a5bd-46e4-9deb-04c9640ee540', '6ee2b171-3b0c-4093-a4a4-505ea2903666', '5335d178-5266-47c1-a09d-553b972a5c7d', '2025-06-17 16:36:19.614', 'completed');
INSERT INTO public.orders VALUES ('7aa3cec4-9fe8-4496-bed8-6ea42ef1c667', 'e9c2d39f-f1a8-42ce-b316-af801ecd9e52', '8683b44a-518e-43d4-ae4a-774b9c1751c0', '2025-05-29 16:36:19.614', 'completed');
INSERT INTO public.orders VALUES ('f1875447-6f73-4b5d-9513-ee45b4bc9049', '0d7e2c42-7eb7-4fac-a9fd-fd986c3b19f4', '2635f216-cea2-40b1-8db8-4b99511ac0d3', '2025-05-31 16:36:19.614', 'completed');
INSERT INTO public.orders VALUES ('3b7fec73-71ca-4d62-b455-86d36cb03f54', '3fb53b2a-afe7-4fd0-bcd7-5b968e1fa6fa', '72d51174-0484-4b94-960d-5406b31c907f', '2025-06-15 16:36:19.614', 'completed');
INSERT INTO public.orders VALUES ('c2539fbc-82b3-45ce-a9e0-6176d6eecf21', '5ff01c2d-ff96-4cc8-aa5e-39b1368b5fc4', '88e83ec8-b983-4867-aa36-c8dcf1b70e12', '2025-05-22 16:36:19.614', 'completed');
INSERT INTO public.orders VALUES ('b71a1282-bace-4514-939e-d69abb6d5690', '5818432c-8887-42e1-98d0-75da653a1e81', 'd5fa70ac-21e6-41fd-be2c-28ed1c0a76e4', '2025-06-06 16:36:19.614', 'completed');
INSERT INTO public.orders VALUES ('2f8dd1d9-d77a-4a3f-8dc4-89fd98fcac70', '5818432c-8887-42e1-98d0-75da653a1e81', 'c5a5ea2b-9381-43fe-bb60-12fc4c4f460a', '2025-06-02 16:36:19.614', 'completed');
INSERT INTO public.orders VALUES ('e59b195b-0ad2-46cd-8e5b-d4ffc28b05b1', '1c8f9b84-12a5-4f30-9b59-47b1d2e06441', '5bf724d2-58fc-4c49-865e-c4e303d7b28b', '2025-06-14 16:36:19.614', 'completed');
INSERT INTO public.orders VALUES ('880b7827-09c4-4cee-ab5d-bb737ffa8e56', '05f08b43-da7e-4533-bce2-fed50591f719', 'd87a4432-ff42-4dfe-b002-76a18d46b5de', '2025-05-30 16:36:19.614', 'completed');
INSERT INTO public.orders VALUES ('3b622558-07b4-4412-a0c6-983a75ebc857', '5818432c-8887-42e1-98d0-75da653a1e81', 'ad2de4be-a63f-4d9c-a867-ace50f3addd7', '2025-06-06 16:36:19.614', 'completed');
INSERT INTO public.orders VALUES ('e41bb01f-5b50-49f0-8c89-0e2bd386fa51', '400e8083-072d-472b-b97c-e77020096078', 'f45693ef-32cb-4a84-be3d-9ba90b08c7c3', '2025-06-12 16:36:19.614', 'completed');
INSERT INTO public.orders VALUES ('549d9744-0869-4b64-ade9-d486c5de314f', '1a0130b6-9482-4888-8765-7f6dd79bf721', '7fe59ab1-e08e-4f13-8276-07848795bc81', '2025-06-14 16:36:19.614', 'completed');
INSERT INTO public.orders VALUES ('edb89c70-05ff-496d-ab0f-46a1b1ce8271', '4f58ddb2-1c76-4736-9422-9af6a2456f7e', 'aab37cb7-6362-4db9-82a5-81df6f0c566d', '2025-06-17 16:36:19.614', 'completed');
INSERT INTO public.orders VALUES ('da558a04-39eb-416f-8c4b-aca191131232', 'eb8cf73e-037c-4822-bbdb-18559165c629', '4adf1ea4-54d5-427b-885e-a760728e3f8e', '2025-06-08 16:36:19.614', 'completed');
INSERT INTO public.orders VALUES ('8f73ecfa-ca35-44db-bde6-bb4da36d9791', 'ea2db436-68e5-4e63-9bd1-35d35c5a652f', '0aa9a693-1d62-467a-a779-7f33c6454b2b', '2025-06-05 16:36:19.614', 'completed');
INSERT INTO public.orders VALUES ('0669c04b-25c8-474d-a7b8-3ccdeadcf6b5', '1a0130b6-9482-4888-8765-7f6dd79bf721', 'aecd3719-0650-4cb9-a9f0-d12b65e9702c', '2025-06-03 16:36:19.614', 'completed');
INSERT INTO public.orders VALUES ('8088ff7d-5168-46de-af40-7511700b36d9', '49d2025c-7bbd-44d1-be5a-b44f1bc64c7a', '6fba6fea-09f3-4b89-b596-3ade9c16c66f', '2025-05-24 16:36:19.614', 'completed');
INSERT INTO public.orders VALUES ('dcdd9b43-996b-40c2-8a2d-4a9029f1b7d2', '56c52007-f90a-4b14-a495-746b30c6d787', '7f73a2db-32c4-4c1d-85aa-4b373e0e6b7f', '2025-06-08 16:36:19.614', 'completed');
INSERT INTO public.orders VALUES ('505ccb27-9804-4c95-a543-2b939c1b7616', 'd5ab0d07-68fc-4dbb-8758-69dcbd1d8c7d', '785a7e72-94cb-49fa-8fac-d5685111fdee', '2025-06-12 16:36:19.614', 'completed');
INSERT INTO public.orders VALUES ('488fa0fc-1967-48f8-9b5f-fd4294f1d97f', '4db8bf16-42f2-4434-822d-3449396f31e6', '17d42a2b-a64d-4d22-94df-5b81fe77baf9', '2025-05-22 16:36:19.614', 'completed');
INSERT INTO public.orders VALUES ('76837f07-97fe-47d4-9547-77882e65dfc6', '8dda448f-40c5-414e-9c8e-5c60ec565c68', '1018f606-b98d-49f2-bf35-f97342b77a04', '2025-06-08 16:36:19.614', 'completed');
INSERT INTO public.orders VALUES ('6bd164c3-abea-49ba-a110-1a3375a26513', '9bd4c44c-4321-4860-846a-ef344af78d1d', '8bf71e3c-548d-4b0b-91c8-1c19737bffc4', '2025-06-09 16:36:19.614', 'completed');
INSERT INTO public.orders VALUES ('f330e922-97ce-423b-83cc-35a346b14e86', 'df86ccbb-a2b9-4110-b730-b168cf17010e', '17d42a2b-a64d-4d22-94df-5b81fe77baf9', '2025-05-30 16:36:19.614', 'completed');
INSERT INTO public.orders VALUES ('d183b18e-81f1-4560-804c-1ca8c77b1115', '9821a3ef-73a0-419b-b309-17656087cb00', 'e41fe65d-7e86-4cce-bf13-c738b26a775d', '2025-06-10 16:36:19.615', 'completed');
INSERT INTO public.orders VALUES ('4b14150d-913e-48c4-bbe7-efe71d32b901', 'a1d2cc7b-25ca-4ba5-99d0-588da3588eef', 'fdba5898-ab6d-4d3d-aebf-95f9a02df6ff', '2025-05-21 16:36:19.615', 'completed');
INSERT INTO public.orders VALUES ('2a181b39-36eb-4c0c-9ed1-70a08e54685a', 'eb8cf73e-037c-4822-bbdb-18559165c629', 'cfc25bb9-2673-4d63-b11c-38104c322522', '2025-05-20 16:36:19.615', 'completed');
INSERT INTO public.orders VALUES ('3e841764-3902-439e-984e-5a49eec2a82e', '5ff01c2d-ff96-4cc8-aa5e-39b1368b5fc4', '5a706c77-4d1b-439a-aac3-a169fb84c3ee', '2025-05-29 16:36:19.615', 'completed');
INSERT INTO public.orders VALUES ('dd4b817d-4cdf-4054-9124-dc60acd04104', 'b4b230fa-9f20-499f-b575-2d6407dc9cff', '21fe27fe-bc20-4261-b0ef-e4490dd4f5f6', '2025-05-30 16:36:19.615', 'completed');
INSERT INTO public.orders VALUES ('2edcafd6-4f01-4d60-8921-eb8a6cdbec13', 'd6caaf69-2dda-4643-8fdb-c1dd82d5da2e', '2154411c-4545-4bd8-9f18-361ed5f3232c', '2025-05-26 16:36:19.615', 'completed');


--
-- TOC entry 3397 (class 0 OID 16446)
-- Dependencies: 220
-- Data for Name: order_items; Type: TABLE DATA; Schema: public; Owner: myuser
--

INSERT INTO public.order_items VALUES ('76837f07-97fe-47d4-9547-77882e65dfc6', '0bae2cfb-b410-410d-95ac-69db257efe0f', 89);
INSERT INTO public.order_items VALUES ('7aa3cec4-9fe8-4496-bed8-6ea42ef1c667', '1b31da62-4cc0-43de-a742-1dcb7660ad98', 42);
INSERT INTO public.order_items VALUES ('da558a04-39eb-416f-8c4b-aca191131232', '0d42f65b-5da2-4818-bc81-617c01d4f7cd', 2);
INSERT INTO public.order_items VALUES ('4d53749f-7408-4335-9807-ea84c1c550b7', '6e546bdc-1a31-4e30-975a-aadda6d13233', 34);
INSERT INTO public.order_items VALUES ('9fe6f4ca-9d7d-4d32-8542-16357dde7e3b', '0c596de3-1d9c-488d-8a18-ad4195a099cd', 82);
INSERT INTO public.order_items VALUES ('c98e887b-39c2-494e-bc87-a0b81182bcef', '70b52190-b47e-4fab-971e-2e63979c6fa5', 1);
INSERT INTO public.order_items VALUES ('edc715f9-d421-4d16-972c-d343b22c3300', '8999a5ae-c35b-4fe8-80ce-6586fcdcc45c', 81);
INSERT INTO public.order_items VALUES ('d4195b70-ac8e-4855-a2b0-b198fe71617a', '0bae2cfb-b410-410d-95ac-69db257efe0f', 27);
INSERT INTO public.order_items VALUES ('a0ae40a5-a94a-43b0-a0a6-16eccab76c7a', 'daceb9cf-1952-41d2-a9dc-6f79f1d1b66c', 32);
INSERT INTO public.order_items VALUES ('d6258f1b-fde2-4840-9614-2814ff676522', '33308ebe-99b1-48ca-b091-03e8d2c7637c', 11);
INSERT INTO public.order_items VALUES ('880b7827-09c4-4cee-ab5d-bb737ffa8e56', '95ba424a-88a5-4c24-ba08-43d9f15ae399', 12);
INSERT INTO public.order_items VALUES ('76837f07-97fe-47d4-9547-77882e65dfc6', '2d8e1b00-1915-4650-95ba-c1340aff058d', 94);
INSERT INTO public.order_items VALUES ('c98e887b-39c2-494e-bc87-a0b81182bcef', 'd7936120-9ca0-4b03-98bb-3288a8d66ac4', 23);
INSERT INTO public.order_items VALUES ('04ee78ee-1d23-4b25-bcc7-9b8d5bca6458', 'a749d3fd-3010-49c0-b7fc-7a1d056705c5', 79);
INSERT INTO public.order_items VALUES ('3b7fec73-71ca-4d62-b455-86d36cb03f54', '97c4fe82-23f9-4b79-864d-4d82fdd0a8be', 29);
INSERT INTO public.order_items VALUES ('e41bb01f-5b50-49f0-8c89-0e2bd386fa51', '2d8e1b00-1915-4650-95ba-c1340aff058d', 67);
INSERT INTO public.order_items VALUES ('d4195b70-ac8e-4855-a2b0-b198fe71617a', 'b561ec9c-efb0-445f-b5a8-e9bd1eac19f4', 74);
INSERT INTO public.order_items VALUES ('9e76e7b0-1322-417a-978b-43265daa1f51', 'cd3569e4-197a-4aef-a4bc-2eafe815c881', 86);
INSERT INTO public.order_items VALUES ('edc715f9-d421-4d16-972c-d343b22c3300', '7065389a-19e0-4687-8105-fa681157a099', 84);
INSERT INTO public.order_items VALUES ('1770c6c6-3f3e-4b86-9f7c-136dfbbdc28b', '8f5115d2-ce1a-451e-bac7-00807643ae73', 19);
INSERT INTO public.order_items VALUES ('fbe95e1f-4c8c-4b74-9012-fdd7292a6b80', 'b561ec9c-efb0-445f-b5a8-e9bd1eac19f4', 79);
INSERT INTO public.order_items VALUES ('40ca65ef-ad15-4434-a79a-d701d36fb2f3', 'a7d881bc-feb0-45c5-b31c-807ff3fe99af', 25);
INSERT INTO public.order_items VALUES ('0bc801f7-c4cc-48d0-961c-dba9a9a324f8', '2d8e1b00-1915-4650-95ba-c1340aff058d', 92);
INSERT INTO public.order_items VALUES ('014074f2-ea56-444c-9bfa-3d95b70135b8', 'd7936120-9ca0-4b03-98bb-3288a8d66ac4', 73);
INSERT INTO public.order_items VALUES ('e40d46b3-5180-4be1-b8ee-f77d243c333c', 'abe2a0a0-2c75-41cb-b61d-ecde1cf5768d', 75);
INSERT INTO public.order_items VALUES ('e41bb01f-5b50-49f0-8c89-0e2bd386fa51', '148c7ce5-ab05-491c-ac62-bc89a4528dff', 31);
INSERT INTO public.order_items VALUES ('f330e922-97ce-423b-83cc-35a346b14e86', '4d01b0a7-a8a5-4c2d-9195-88abccc77161', 12);
INSERT INTO public.order_items VALUES ('014074f2-ea56-444c-9bfa-3d95b70135b8', 'a4379971-426e-4794-8e16-f77c9203f5a5', 91);
INSERT INTO public.order_items VALUES ('3daf103b-27fc-4fee-9c71-510b3ac6c80a', '5cefa21e-807e-43d7-841b-de339ed3bf94', 52);
INSERT INTO public.order_items VALUES ('d4195b70-ac8e-4855-a2b0-b198fe71617a', 'c3acbe5f-1578-469c-abe2-8762a46b329c', 35);
INSERT INTO public.order_items VALUES ('b71a1282-bace-4514-939e-d69abb6d5690', 'e5f53032-ac28-4fff-839f-1e5ad4fd82af', 20);
INSERT INTO public.order_items VALUES ('9fe6f4ca-9d7d-4d32-8542-16357dde7e3b', 'e5f53032-ac28-4fff-839f-1e5ad4fd82af', 36);
INSERT INTO public.order_items VALUES ('ac56e8c1-51df-4e28-ad65-f08c124ca4de', 'dd9d86d0-0576-4497-8031-3f9cd12c956b', 92);
INSERT INTO public.order_items VALUES ('d65873dd-a226-4765-a83f-696f59c64d23', 'dd9d86d0-0576-4497-8031-3f9cd12c956b', 19);
INSERT INTO public.order_items VALUES ('686ce3c9-bef0-4e7f-bd6b-b60eace9085d', '11483b7d-f76d-4321-97d7-17d84fd88f28', 80);
INSERT INTO public.order_items VALUES ('d183b18e-81f1-4560-804c-1ca8c77b1115', '270de07d-231e-4954-a4b0-b62ba144736b', 2);
INSERT INTO public.order_items VALUES ('9e76e7b0-1322-417a-978b-43265daa1f51', 'f48eb508-d5f1-4232-8b2d-4b691230e704', 39);
INSERT INTO public.order_items VALUES ('ad6ea576-38ea-4e0d-8782-00d25b67a93c', '8d808550-7ae5-4bd2-9c1a-012fb3fa71b2', 3);
INSERT INTO public.order_items VALUES ('f330e922-97ce-423b-83cc-35a346b14e86', '2a994573-ec1a-4901-be0c-3dd0a7b2d7fa', 37);
INSERT INTO public.order_items VALUES ('e5be418f-f56d-48e0-be96-0bf9bcfb4091', 'fbc0643a-29aa-441d-9121-3b8a8074fa3d', 67);
INSERT INTO public.order_items VALUES ('0c3c8114-d11d-4d2c-a613-e3f8889f773d', '1b31da62-4cc0-43de-a742-1dcb7660ad98', 35);
INSERT INTO public.order_items VALUES ('e40d46b3-5180-4be1-b8ee-f77d243c333c', 'ebea63fd-e987-47e4-9013-b6a0c5d7eee7', 37);
INSERT INTO public.order_items VALUES ('c98e887b-39c2-494e-bc87-a0b81182bcef', '9df93362-7e88-4dd4-9317-85835542224c', 77);
INSERT INTO public.order_items VALUES ('40ca65ef-ad15-4434-a79a-d701d36fb2f3', 'e095cb22-d8a5-447c-866f-8136b5bfda24', 31);
INSERT INTO public.order_items VALUES ('ded5aa1e-b7d3-4dad-9962-aadb282faeb0', '16a9a44b-bf6e-4b54-93f0-d8dbc6f2c093', 84);
INSERT INTO public.order_items VALUES ('8d24ba5d-1182-49a0-b903-f126d31c0821', '2bb46fdc-9b69-45f7-bc7b-2a7ae76cbd43', 30);
INSERT INTO public.order_items VALUES ('da558a04-39eb-416f-8c4b-aca191131232', '6f297b40-6c09-440f-971f-4bbe55d7e404', 53);
INSERT INTO public.order_items VALUES ('3b622558-07b4-4412-a0c6-983a75ebc857', '2deddb79-b674-46cd-bc4a-217f135460d6', 44);
INSERT INTO public.order_items VALUES ('0669c04b-25c8-474d-a7b8-3ccdeadcf6b5', 'f8a64819-27c6-4c6e-bbf1-aa63e796ce35', 62);
INSERT INTO public.order_items VALUES ('e59b195b-0ad2-46cd-8e5b-d4ffc28b05b1', 'c1cd2e48-6b44-441f-b166-cb2d0b8ebb37', 7);
INSERT INTO public.order_items VALUES ('079cd17d-a1a6-42d2-bd90-4f6b0dfec089', '88d75378-aece-4896-a70b-cc32bd4b3d7e', 34);
INSERT INTO public.order_items VALUES ('e40d46b3-5180-4be1-b8ee-f77d243c333c', '847b7929-6d17-4150-9f9a-5c7f49de843d', 36);
INSERT INTO public.order_items VALUES ('26341507-348b-48e1-a0f2-5cb16deab8f2', '8c869075-18a9-4b75-b81d-470d6e3ba45f', 83);
INSERT INTO public.order_items VALUES ('1b66c7e3-369e-49a7-94b1-fcdd47504a60', '54de3ff6-df9f-4bf0-b7bd-6e5d5165e333', 63);
INSERT INTO public.order_items VALUES ('079cd17d-a1a6-42d2-bd90-4f6b0dfec089', '270de07d-231e-4954-a4b0-b62ba144736b', 1);
INSERT INTO public.order_items VALUES ('f330e922-97ce-423b-83cc-35a346b14e86', '180afbe7-63f3-4784-b676-be7073b2e8c3', 53);
INSERT INTO public.order_items VALUES ('29816259-dc4e-4802-9a23-4cff4e69fc76', '29f23370-94c8-4736-b629-e6cca021f14d', 3);
INSERT INTO public.order_items VALUES ('ad6ea576-38ea-4e0d-8782-00d25b67a93c', '2f26b518-59e8-405b-a74c-8c21e0d33e4d', 79);
INSERT INTO public.order_items VALUES ('76837f07-97fe-47d4-9547-77882e65dfc6', '11483b7d-f76d-4321-97d7-17d84fd88f28', 46);
INSERT INTO public.order_items VALUES ('a0ae40a5-a94a-43b0-a0a6-16eccab76c7a', '9bf2ac57-8d22-4d62-808a-e5d4bcdff55c', 83);
INSERT INTO public.order_items VALUES ('cb33f88e-c9c5-4a36-b58c-f2196cbe07aa', '8999a5ae-c35b-4fe8-80ce-6586fcdcc45c', 43);
INSERT INTO public.order_items VALUES ('0f64b6f5-8d9c-4dfc-93d1-bed19d3d5c55', '8d808550-7ae5-4bd2-9c1a-012fb3fa71b2', 1);
INSERT INTO public.order_items VALUES ('c958cafe-4696-4f60-a369-3c77ec52e036', '5cefa21e-807e-43d7-841b-de339ed3bf94', 91);
INSERT INTO public.order_items VALUES ('0bc801f7-c4cc-48d0-961c-dba9a9a324f8', '95ba424a-88a5-4c24-ba08-43d9f15ae399', 1);
INSERT INTO public.order_items VALUES ('ee403242-67a1-477a-8dcf-72b11947cc00', 'b561ec9c-efb0-445f-b5a8-e9bd1eac19f4', 68);
INSERT INTO public.order_items VALUES ('0c3c8114-d11d-4d2c-a613-e3f8889f773d', 'a749d3fd-3010-49c0-b7fc-7a1d056705c5', 17);
INSERT INTO public.order_items VALUES ('3daf103b-27fc-4fee-9c71-510b3ac6c80a', 'b12867cc-a3bf-4683-90e9-c722af7ebe0a', 22);
INSERT INTO public.order_items VALUES ('26341507-348b-48e1-a0f2-5cb16deab8f2', '45c2d381-0e58-4d80-9b31-9a6bad2b9be1', 18);
INSERT INTO public.order_items VALUES ('f7297839-0014-40d6-834e-f03b4015a9c4', '148c7ce5-ab05-491c-ac62-bc89a4528dff', 63);
INSERT INTO public.order_items VALUES ('079cd17d-a1a6-42d2-bd90-4f6b0dfec089', '10028e57-f617-47cc-954e-d7f2b0cd8840', 23);
INSERT INTO public.order_items VALUES ('7aa3cec4-9fe8-4496-bed8-6ea42ef1c667', '2bb46fdc-9b69-45f7-bc7b-2a7ae76cbd43', 28);
INSERT INTO public.order_items VALUES ('3b622558-07b4-4412-a0c6-983a75ebc857', '1e690deb-3f81-4338-b269-3d0ffd721c03', 65);
INSERT INTO public.order_items VALUES ('340c7716-1ba5-49e3-accc-253976ff6c11', '110b78b6-b515-4fbf-8832-404a737dbc14', 82);
INSERT INTO public.order_items VALUES ('c98e887b-39c2-494e-bc87-a0b81182bcef', '96a96a19-b7eb-46f4-a937-3d57a9cd6c8c', 69);
INSERT INTO public.order_items VALUES ('d4195b70-ac8e-4855-a2b0-b198fe71617a', '10028e57-f617-47cc-954e-d7f2b0cd8840', 43);
INSERT INTO public.order_items VALUES ('c958cafe-4696-4f60-a369-3c77ec52e036', '73157cb3-1612-4c14-9a66-184367dddaec', 33);
INSERT INTO public.order_items VALUES ('59f401a4-2d96-487b-b14c-c76e7c5e258a', '9c560907-9d77-4b61-913c-56e8741be48c', 14);
INSERT INTO public.order_items VALUES ('bb007270-4ad5-49e7-86a2-f6a4924792ba', 'a1fdae85-4993-4057-adc6-057f42e96ad9', 75);
INSERT INTO public.order_items VALUES ('4d833b11-e5e9-48ab-8bc0-582704437b11', '0c596de3-1d9c-488d-8a18-ad4195a099cd', 3);
INSERT INTO public.order_items VALUES ('c2539fbc-82b3-45ce-a9e0-6176d6eecf21', '34a0f007-8636-4e63-85ef-55d4d41930ce', 57);
INSERT INTO public.order_items VALUES ('c98e887b-39c2-494e-bc87-a0b81182bcef', '5cefa21e-807e-43d7-841b-de339ed3bf94', 10);
INSERT INTO public.order_items VALUES ('7c942fd2-c365-4a26-b394-5f7fd610e45c', 'dae0a610-4dea-4f93-adc2-655e3c630c8b', 7);
INSERT INTO public.order_items VALUES ('8f73ecfa-ca35-44db-bde6-bb4da36d9791', 'ccae6863-9004-4ddd-b14e-7b0c0194de91', 18);
INSERT INTO public.order_items VALUES ('c9cae650-a5bd-46e4-9deb-04c9640ee540', '275fded8-149b-46e5-8e0a-b38758173410', 33);
INSERT INTO public.order_items VALUES ('fd057643-d030-4c47-b7d2-689a49764e58', '769d3d36-2d00-43b9-83ba-975d4b9580fd', 45);
INSERT INTO public.order_items VALUES ('4ddddfa2-6baf-4640-b9d0-7dfa45df4388', '089b4c9e-53f1-4210-887a-325709473a6e', 78);
INSERT INTO public.order_items VALUES ('d4195b70-ac8e-4855-a2b0-b198fe71617a', '26973450-66e7-4739-b4c4-513543394ef0', 9);
INSERT INTO public.order_items VALUES ('c98e887b-39c2-494e-bc87-a0b81182bcef', 'd5d54229-1d3e-40c5-9423-676391a73b38', 72);
INSERT INTO public.order_items VALUES ('e59b195b-0ad2-46cd-8e5b-d4ffc28b05b1', '148c7ce5-ab05-491c-ac62-bc89a4528dff', 52);
INSERT INTO public.order_items VALUES ('bc49913a-0142-47fe-93ba-67a7bc6d4a27', 'e5f53032-ac28-4fff-839f-1e5ad4fd82af', 21);
INSERT INTO public.order_items VALUES ('38689ae5-0231-4ef7-be17-172a2a43738c', '33308ebe-99b1-48ca-b091-03e8d2c7637c', 61);
INSERT INTO public.order_items VALUES ('c0ee97ce-a367-4569-8ff6-bc6e358fb4ba', '34a0f007-8636-4e63-85ef-55d4d41930ce', 41);
INSERT INTO public.order_items VALUES ('89a718f6-eb3d-4b20-a756-5693830e6209', 'ea406649-599c-4294-a424-c5897f7e04e8', 32);
INSERT INTO public.order_items VALUES ('5c4b2dd1-35d9-4e9c-bdb2-f499842f5d8d', '4d3d2699-e7cc-4eaa-92ef-7a9acadec522', 43);
INSERT INTO public.order_items VALUES ('ee403242-67a1-477a-8dcf-72b11947cc00', 'c711de98-e37b-4e22-b37d-5784b10a29b6', 27);
INSERT INTO public.order_items VALUES ('bc49913a-0142-47fe-93ba-67a7bc6d4a27', 'd07dc793-d890-446a-b4d7-f47de718c46f', 57);
INSERT INTO public.order_items VALUES ('be01fe84-73ab-44f5-9f11-f24e30e8731a', '7c2662dc-89c2-4021-aab4-791ccf8985b7', 98);
INSERT INTO public.order_items VALUES ('9825ae87-8ac5-4154-9d00-2790ddf70c13', '4a193f99-a06b-460d-90d2-0d46aad79c0a', 98);
INSERT INTO public.order_items VALUES ('e43e82a2-70b7-4351-85d8-b82d2fade3c7', '275fded8-149b-46e5-8e0a-b38758173410', 95);
INSERT INTO public.order_items VALUES ('29816259-dc4e-4802-9a23-4cff4e69fc76', 'ebea63fd-e987-47e4-9013-b6a0c5d7eee7', 70);
